ISIN Code,Outstanding Amount,Stock Code,Stock Description,Issuer,Instrument,Issue Date,Maturity Date,Rating MARC,Rating RAM
MYBBE1900040,1000000000.00,BE190004,BNMN-DB 4/2019 364D 01.10.2020,BNM,BNMN-DB,03/10/2019,01/10/2020,N/A,N/A
MYBBE1900057,1000000000.00,BE190005,BNMN-DB 5/2019 364D 10.11.2020,BNM,BNMN-DB,12/11/2019,10/11/2020,N/A,N/A
MYBBE2000014,1000000000.00,BE200001,BNMN-DB 1/2020 364D 11.03.2021,BNM,BNMN-DB,12/03/2020,11/03/2021,N/A,N/A
MYBBE2000022,1000000000.00,BE200002,BNMN-DB 2/2020 364D 15.06.2021,BNM,BNMN-DB,16/06/2020,15/06/2021,N/A,N/A
MYBBFC200060,0.00,BFC20006,BNIBF-DB 6/2020 91D 23.07.2020,BNM,BNIBF-DB,23/04/2020,23/07/2020,N/A,N/A
MYBBFC200078,0.00,BFC20007,BNIBF-DB 7/2020 94D 10.08.2020,BNM,BNIBF-DB,08/05/2020,10/08/2020,N/A,N/A
MYBBFC200086,0.00,BFC20008,BNIBF-DB 8/2020 92D 21.08.2020,BNM,BNIBF-DB,21/05/2020,21/08/2020,N/A,N/A
MYBBFC200094,200000000.00,BFC20009,BNIBF-DB 9/2020 92D 04.09.2020,BNM,BNIBF-DB,04/06/2020,04/09/2020,N/A,N/A
MYBBFC200102,330000000.00,BFC20010,BNIBF-DB 10/2020 92D 18.09.2020,BNM,BNIBF-DB,18/06/2020,18/09/2020,N/A,N/A
MYBBFC200110,200000000.00,BFC20011,BNIBF-DB 11/2020 92D 09.10.2020,BNM,BNIBF-DB,09/07/2020,09/10/2020,N/A,N/A
MYBBE1900040,1000000000.00,BE190004,BNMN-DB 4/2019 364D 01.10.2020,BNM,BNMN-DB,03/10/2019,01/10/2020,N/A,N/A
MYBBE1900057,1000000000.00,BE190005,BNMN-DB 5/2019 364D 10.11.2020,BNM,BNMN-DB,12/11/2019,10/11/2020,N/A,N/A
MYBBE2000014,1000000000.00,BE200001,BNMN-DB 1/2020 364D 11.03.2021,BNM,BNMN-DB,12/03/2020,11/03/2021,N/A,N/A
MYBBE2000022,1000000000.00,BE200002,BNMN-DB 2/2020 364D 15.06.2021,BNM,BNMN-DB,16/06/2020,15/06/2021,N/A,N/A
MYBBFC200060,0.00,BFC20006,BNIBF-DB 6/2020 91D 23.07.2020,BNM,BNIBF-DB,23/04/2020,23/07/2020,N/A,N/A
MYBBFC200078,0.00,BFC20007,BNIBF-DB 7/2020 94D 10.08.2020,BNM,BNIBF-DB,08/05/2020,10/08/2020,N/A,N/A
MYBBFC200086,0.00,BFC20008,BNIBF-DB 8/2020 92D 21.08.2020,BNM,BNIBF-DB,21/05/2020,21/08/2020,N/A,N/A
MYBBFC200094,200000000.00,BFC20009,BNIBF-DB 9/2020 92D 04.09.2020,BNM,BNIBF-DB,04/06/2020,04/09/2020,N/A,N/A
MYBBFC200102,330000000.00,BFC20010,BNIBF-DB 10/2020 92D 18.09.2020,BNM,BNIBF-DB,18/06/2020,18/09/2020,N/A,N/A
MYBBFC200110,200000000.00,BFC20011,BNIBF-DB 11/2020 92D 09.10.2020,BNM,BNIBF-DB,09/07/2020,09/10/2020,N/A,N/A
MYBBE1900040,1000000000.00,BE190004,BNMN-DB 4/2019 364D 01.10.2020,BNM,BNMN-DB,03/10/2019,01/10/2020,N/A,N/A
MYBBE1900057,1000000000.00,BE190005,BNMN-DB 5/2019 364D 10.11.2020,BNM,BNMN-DB,12/11/2019,10/11/2020,N/A,N/A
MYBBE2000014,1000000000.00,BE200001,BNMN-DB 1/2020 364D 11.03.2021,BNM,BNMN-DB,12/03/2020,11/03/2021,N/A,N/A
MYBBE2000022,1000000000.00,BE200002,BNMN-DB 2/2020 364D 15.06.2021,BNM,BNMN-DB,16/06/2020,15/06/2021,N/A,N/A
MYBBFC200060,0.00,BFC20006,BNIBF-DB 6/2020 91D 23.07.2020,BNM,BNIBF-DB,23/04/2020,23/07/2020,N/A,N/A
MYBBFC200078,0.00,BFC20007,BNIBF-DB 7/2020 94D 10.08.2020,BNM,BNIBF-DB,08/05/2020,10/08/2020,N/A,N/A
MYBBFC200086,0.00,BFC20008,BNIBF-DB 8/2020 92D 21.08.2020,BNM,BNIBF-DB,21/05/2020,21/08/2020,N/A,N/A
MYBBFC200094,200000000.00,BFC20009,BNIBF-DB 9/2020 92D 04.09.2020,BNM,BNIBF-DB,04/06/2020,04/09/2020,N/A,N/A
MYBBFC200102,330000000.00,BFC20010,BNIBF-DB 10/2020 92D 18.09.2020,BNM,BNIBF-DB,18/06/2020,18/09/2020,N/A,N/A
MYBBFC200110,200000000.00,BFC20011,BNIBF-DB 11/2020 92D 09.10.2020,BNM,BNIBF-DB,09/07/2020,09/10/2020,N/A,N/A
ISIN Code,Outstanding Amount,Stock Code,Stock Description,Issuer,Instrument,Issue Date,Maturity Date,Rating MARC,Rating RAM
MYBBE1900040,1000000000.00,BE190004,BNMN-DB 4/2019 364D 01.10.2020,BNM,BNMN-DB,03/10/2019,01/10/2020,N/A,N/A
MYBBE1900057,1000000000.00,BE190005,BNMN-DB 5/2019 364D 10.11.2020,BNM,BNMN-DB,12/11/2019,10/11/2020,N/A,N/A
MYBBE2000014,1000000000.00,BE200001,BNMN-DB 1/2020 364D 11.03.2021,BNM,BNMN-DB,12/03/2020,11/03/2021,N/A,N/A
MYBBE2000022,1000000000.00,BE200002,BNMN-DB 2/2020 364D 15.06.2021,BNM,BNMN-DB,16/06/2020,15/06/2021,N/A,N/A
MYBBFC200060,0.00,BFC20006,BNIBF-DB 6/2020 91D 23.07.2020,BNM,BNIBF-DB,23/04/2020,23/07/2020,N/A,N/A
MYBBFC200078,0.00,BFC20007,BNIBF-DB 7/2020 94D 10.08.2020,BNM,BNIBF-DB,08/05/2020,10/08/2020,N/A,N/A
MYBBFC200086,0.00,BFC20008,BNIBF-DB 8/2020 92D 21.08.2020,BNM,BNIBF-DB,21/05/2020,21/08/2020,N/A,N/A
MYBBFC200094,200000000.00,BFC20009,BNIBF-DB 9/2020 92D 04.09.2020,BNM,BNIBF-DB,04/06/2020,04/09/2020,N/A,N/A
MYBBFC200102,330000000.00,BFC20010,BNIBF-DB 10/2020 92D 18.09.2020,BNM,BNIBF-DB,18/06/2020,18/09/2020,N/A,N/A
MYBBFC200110,200000000.00,BFC20011,BNIBF-DB 11/2020 92D 09.10.2020,BNM,BNIBF-DB,09/07/2020,09/10/2020,N/A,N/A
ISIN Code,Outstanding Amount,Stock Code,Stock Description,Issuer,Instrument,Issue Date,Maturity Date,Rating MARC,Rating RAM
MYBBE1900040,1000000000.00,BE190004,BNMN-DB 4/2019 364D 01.10.2020,BNM,BNMN-DB,03/10/2019,01/10/2020,N/A,N/A
MYBBE1900057,1000000000.00,BE190005,BNMN-DB 5/2019 364D 10.11.2020,BNM,BNMN-DB,12/11/2019,10/11/2020,N/A,N/A
MYBBE2000014,1000000000.00,BE200001,BNMN-DB 1/2020 364D 11.03.2021,BNM,BNMN-DB,12/03/2020,11/03/2021,N/A,N/A
MYBBE2000022,1000000000.00,BE200002,BNMN-DB 2/2020 364D 15.06.2021,BNM,BNMN-DB,16/06/2020,15/06/2021,N/A,N/A
MYBBFC200060,0.00,BFC20006,BNIBF-DB 6/2020 91D 23.07.2020,BNM,BNIBF-DB,23/04/2020,23/07/2020,N/A,N/A
MYBBFC200078,0.00,BFC20007,BNIBF-DB 7/2020 94D 10.08.2020,BNM,BNIBF-DB,08/05/2020,10/08/2020,N/A,N/A
MYBBFC200086,0.00,BFC20008,BNIBF-DB 8/2020 92D 21.08.2020,BNM,BNIBF-DB,21/05/2020,21/08/2020,N/A,N/A
MYBBFC200094,200000000.00,BFC20009,BNIBF-DB 9/2020 92D 04.09.2020,BNM,BNIBF-DB,04/06/2020,04/09/2020,N/A,N/A
MYBBFC200102,330000000.00,BFC20010,BNIBF-DB 10/2020 92D 18.09.2020,BNM,BNIBF-DB,18/06/2020,18/09/2020,N/A,N/A
MYBBFC200110,200000000.00,BFC20011,BNIBF-DB 11/2020 92D 09.10.2020,BNM,BNIBF-DB,09/07/2020,09/10/2020,N/A,N/A
ISIN Code,Outstanding Amount,Stock Code,Stock Description,Issuer,Instrument,Issue Date,Maturity Date,Rating MARC,Rating RAM
MYBBE1900040,1000000000.00,BE190004,BNMN-DB 4/2019 364D 01.10.2020,BNM,BNMN-DB,03/10/2019,01/10/2020,N/A,N/A
MYBBE1900057,1000000000.00,BE190005,BNMN-DB 5/2019 364D 10.11.2020,BNM,BNMN-DB,12/11/2019,10/11/2020,N/A,N/A
MYBBE2000014,1000000000.00,BE200001,BNMN-DB 1/2020 364D 11.03.2021,BNM,BNMN-DB,12/03/2020,11/03/2021,N/A,N/A
MYBBE2000022,1000000000.00,BE200002,BNMN-DB 2/2020 364D 15.06.2021,BNM,BNMN-DB,16/06/2020,15/06/2021,N/A,N/A
MYBBFC200060,0.00,BFC20006,BNIBF-DB 6/2020 91D 23.07.2020,BNM,BNIBF-DB,23/04/2020,23/07/2020,N/A,N/A
MYBBFC200078,0.00,BFC20007,BNIBF-DB 7/2020 94D 10.08.2020,BNM,BNIBF-DB,08/05/2020,10/08/2020,N/A,N/A
MYBBFC200086,0.00,BFC20008,BNIBF-DB 8/2020 92D 21.08.2020,BNM,BNIBF-DB,21/05/2020,21/08/2020,N/A,N/A
MYBBFC200094,200000000.00,BFC20009,BNIBF-DB 9/2020 92D 04.09.2020,BNM,BNIBF-DB,04/06/2020,04/09/2020,N/A,N/A
MYBBFC200102,330000000.00,BFC20010,BNIBF-DB 10/2020 92D 18.09.2020,BNM,BNIBF-DB,18/06/2020,18/09/2020,N/A,N/A
MYBBFC200110,200000000.00,BFC20011,BNIBF-DB 11/2020 92D 09.10.2020,BNM,BNIBF-DB,09/07/2020,09/10/2020,N/A,N/A
ISIN Code,Outstanding Amount,Stock Code,Stock Description,Issuer,Instrument,Issue Date,Maturity Date,Rating MARC,Rating RAM
MYBBE1900040,1000000000.00,BE190004,BNMN-DB 4/2019 364D 01.10.2020,BNM,BNMN-DB,03/10/2019,01/10/2020,N/A,N/A
MYBBE1900057,1000000000.00,BE190005,BNMN-DB 5/2019 364D 10.11.2020,BNM,BNMN-DB,12/11/2019,10/11/2020,N/A,N/A
MYBBE2000014,1000000000.00,BE200001,BNMN-DB 1/2020 364D 11.03.2021,BNM,BNMN-DB,12/03/2020,11/03/2021,N/A,N/A
MYBBE2000022,1000000000.00,BE200002,BNMN-DB 2/2020 364D 15.06.2021,BNM,BNMN-DB,16/06/2020,15/06/2021,N/A,N/A
MYBBFC200060,0.00,BFC20006,BNIBF-DB 6/2020 91D 23.07.2020,BNM,BNIBF-DB,23/04/2020,23/07/2020,N/A,N/A
MYBBFC200078,0.00,BFC20007,BNIBF-DB 7/2020 94D 10.08.2020,BNM,BNIBF-DB,08/05/2020,10/08/2020,N/A,N/A
MYBBFC200086,0.00,BFC20008,BNIBF-DB 8/2020 92D 21.08.2020,BNM,BNIBF-DB,21/05/2020,21/08/2020,N/A,N/A
MYBBFC200094,200000000.00,BFC20009,BNIBF-DB 9/2020 92D 04.09.2020,BNM,BNIBF-DB,04/06/2020,04/09/2020,N/A,N/A
MYBBFC200102,330000000.00,BFC20010,BNIBF-DB 10/2020 92D 18.09.2020,BNM,BNIBF-DB,18/06/2020,18/09/2020,N/A,N/A
MYBBFC200110,200000000.00,BFC20011,BNIBF-DB 11/2020 92D 09.10.2020,BNM,BNIBF-DB,09/07/2020,09/10/2020,N/A,N/A
ISIN Code,Outstanding Amount,Stock Code,Stock Description,Issuer,Instrument,Issue Date,Maturity Date,Rating MARC,Rating RAM
MYBBE1900040,1000000000.00,BE190004,BNMN-DB 4/2019 364D 01.10.2020,BNM,BNMN-DB,03/10/2019,01/10/2020,N/A,N/A
MYBBE1900057,1000000000.00,BE190005,BNMN-DB 5/2019 364D 10.11.2020,BNM,BNMN-DB,12/11/2019,10/11/2020,N/A,N/A
MYBBE2000014,1000000000.00,BE200001,BNMN-DB 1/2020 364D 11.03.2021,BNM,BNMN-DB,12/03/2020,11/03/2021,N/A,N/A
MYBBE2000022,1000000000.00,BE200002,BNMN-DB 2/2020 364D 15.06.2021,BNM,BNMN-DB,16/06/2020,15/06/2021,N/A,N/A
MYBBFC200060,0.00,BFC20006,BNIBF-DB 6/2020 91D 23.07.2020,BNM,BNIBF-DB,23/04/2020,23/07/2020,N/A,N/A
MYBBFC200078,0.00,BFC20007,BNIBF-DB 7/2020 94D 10.08.2020,BNM,BNIBF-DB,08/05/2020,10/08/2020,N/A,N/A
MYBBFC200086,0.00,BFC20008,BNIBF-DB 8/2020 92D 21.08.2020,BNM,BNIBF-DB,21/05/2020,21/08/2020,N/A,N/A
MYBBFC200094,200000000.00,BFC20009,BNIBF-DB 9/2020 92D 04.09.2020,BNM,BNIBF-DB,04/06/2020,04/09/2020,N/A,N/A
MYBBFC200102,330000000.00,BFC20010,BNIBF-DB 10/2020 92D 18.09.2020,BNM,BNIBF-DB,18/06/2020,18/09/2020,N/A,N/A
MYBBFC200110,200000000.00,BFC20011,BNIBF-DB 11/2020 92D 09.10.2020,BNM,BNIBF-DB,09/07/2020,09/10/2020,N/A,N/A
MYBBE1900040,1000000000.00,BE190004,BNMN-DB 4/2019 364D 01.10.2020,BNM,BNMN-DB,03/10/2019,01/10/2020,N/A,N/A
MYBBE1900057,1000000000.00,BE190005,BNMN-DB 5/2019 364D 10.11.2020,BNM,BNMN-DB,12/11/2019,10/11/2020,N/A,N/A
MYBBE2000014,1000000000.00,BE200001,BNMN-DB 1/2020 364D 11.03.2021,BNM,BNMN-DB,12/03/2020,11/03/2021,N/A,N/A
MYBBE2000022,1000000000.00,BE200002,BNMN-DB 2/2020 364D 15.06.2021,BNM,BNMN-DB,16/06/2020,15/06/2021,N/A,N/A
MYBBFC200060,0.00,BFC20006,BNIBF-DB 6/2020 91D 23.07.2020,BNM,BNIBF-DB,23/04/2020,23/07/2020,N/A,N/A
MYBBFC200078,0.00,BFC20007,BNIBF-DB 7/2020 94D 10.08.2020,BNM,BNIBF-DB,08/05/2020,10/08/2020,N/A,N/A
MYBBFC200086,0.00,BFC20008,BNIBF-DB 8/2020 92D 21.08.2020,BNM,BNIBF-DB,21/05/2020,21/08/2020,N/A,N/A
MYBBFC200094,200000000.00,BFC20009,BNIBF-DB 9/2020 92D 04.09.2020,BNM,BNIBF-DB,04/06/2020,04/09/2020,N/A,N/A
MYBBFC200102,330000000.00,BFC20010,BNIBF-DB 10/2020 92D 18.09.2020,BNM,BNIBF-DB,18/06/2020,18/09/2020,N/A,N/A
MYBBFC200110,200000000.00,BFC20011,BNIBF-DB 11/2020 92D 09.10.2020,BNM,BNIBF-DB,09/07/2020,09/10/2020,N/A,N/A
ISIN Code,Outstanding Amount,Stock Code,Stock Description,Issuer,Instrument,Issue Date,Maturity Date,Rating MARC,Rating RAM
MYBBE1900040,1000000000.00,BE190004,BNMN-DB 4/2019 364D 01.10.2020,BNM,BNMN-DB,03/10/2019,01/10/2020,N/A,N/A
MYBBE1900057,1000000000.00,BE190005,BNMN-DB 5/2019 364D 10.11.2020,BNM,BNMN-DB,12/11/2019,10/11/2020,N/A,N/A
MYBBE2000014,1000000000.00,BE200001,BNMN-DB 1/2020 364D 11.03.2021,BNM,BNMN-DB,12/03/2020,11/03/2021,N/A,N/A
MYBBE2000022,1000000000.00,BE200002,BNMN-DB 2/2020 364D 15.06.2021,BNM,BNMN-DB,16/06/2020,15/06/2021,N/A,N/A
MYBBFC200060,0.00,BFC20006,BNIBF-DB 6/2020 91D 23.07.2020,BNM,BNIBF-DB,23/04/2020,23/07/2020,N/A,N/A
MYBBFC200078,0.00,BFC20007,BNIBF-DB 7/2020 94D 10.08.2020,BNM,BNIBF-DB,08/05/2020,10/08/2020,N/A,N/A
MYBBFC200086,0.00,BFC20008,BNIBF-DB 8/2020 92D 21.08.2020,BNM,BNIBF-DB,21/05/2020,21/08/2020,N/A,N/A
MYBBFC200094,200000000.00,BFC20009,BNIBF-DB 9/2020 92D 04.09.2020,BNM,BNIBF-DB,04/06/2020,04/09/2020,N/A,N/A
MYBBFC200102,330000000.00,BFC20010,BNIBF-DB 10/2020 92D 18.09.2020,BNM,BNIBF-DB,18/06/2020,18/09/2020,N/A,N/A
MYBBFC200110,200000000.00,BFC20011,BNIBF-DB 11/2020 92D 09.10.2020,BNM,BNIBF-DB,09/07/2020,09/10/2020,N/A,N/A
ISIN Code,Outstanding Amount,Stock Code,Stock Description,Issuer,Instrument,Issue Date,Maturity Date,Rating MARC,Rating RAM
MYBBE1900040,1000000000.00,BE190004,BNMN-DB 4/2019 364D 01.10.2020,BNM,BNMN-DB,03/10/2019,01/10/2020,N/A,N/A
MYBBE1900057,1000000000.00,BE190005,BNMN-DB 5/2019 364D 10.11.2020,BNM,BNMN-DB,12/11/2019,10/11/2020,N/A,N/A
MYBBE2000014,1000000000.00,BE200001,BNMN-DB 1/2020 364D 11.03.2021,BNM,BNMN-DB,12/03/2020,11/03/2021,N/A,N/A
MYBBE2000022,1000000000.00,BE200002,BNMN-DB 2/2020 364D 15.06.2021,BNM,BNMN-DB,16/06/2020,15/06/2021,N/A,N/A
MYBBFC200060,0.00,BFC20006,BNIBF-DB 6/2020 91D 23.07.2020,BNM,BNIBF-DB,23/04/2020,23/07/2020,N/A,N/A
MYBBFC200078,0.00,BFC20007,BNIBF-DB 7/2020 94D 10.08.2020,BNM,BNIBF-DB,08/05/2020,10/08/2020,N/A,N/A
MYBBFC200086,0.00,BFC20008,BNIBF-DB 8/2020 92D 21.08.2020,BNM,BNIBF-DB,21/05/2020,21/08/2020,N/A,N/A
MYBBFC200094,200000000.00,BFC20009,BNIBF-DB 9/2020 92D 04.09.2020,BNM,BNIBF-DB,04/06/2020,04/09/2020,N/A,N/A
MYBBFC200102,330000000.00,BFC20010,BNIBF-DB 10/2020 92D 18.09.2020,BNM,BNIBF-DB,18/06/2020,18/09/2020,N/A,N/A
MYBBFC200110,200000000.00,BFC20011,BNIBF-DB 11/2020 92D 09.10.2020,BNM,BNIBF-DB,09/07/2020,09/10/2020,N/A,N/A
ISIN Code,Outstanding Amount,Stock Code,Stock Description,Issuer,Instrument,Issue Date,Maturity Date,Rating MARC,Rating RAM
MYBBE1900040,1000000000.00,BE190004,BNMN-DB 4/2019 364D 01.10.2020,BNM,BNMN-DB,03/10/2019,01/10/2020,N/A,N/A
MYBBE1900057,1000000000.00,BE190005,BNMN-DB 5/2019 364D 10.11.2020,BNM,BNMN-DB,12/11/2019,10/11/2020,N/A,N/A
MYBBE2000014,1000000000.00,BE200001,BNMN-DB 1/2020 364D 11.03.2021,BNM,BNMN-DB,12/03/2020,11/03/2021,N/A,N/A
MYBBE2000022,1000000000.00,BE200002,BNMN-DB 2/2020 364D 15.06.2021,BNM,BNMN-DB,16/06/2020,15/06/2021,N/A,N/A
MYBBFC200060,0.00,BFC20006,BNIBF-DB 6/2020 91D 23.07.2020,BNM,BNIBF-DB,23/04/2020,23/07/2020,N/A,N/A
MYBBFC200078,0.00,BFC20007,BNIBF-DB 7/2020 94D 10.08.2020,BNM,BNIBF-DB,08/05/2020,10/08/2020,N/A,N/A
MYBBFC200086,0.00,BFC20008,BNIBF-DB 8/2020 92D 21.08.2020,BNM,BNIBF-DB,21/05/2020,21/08/2020,N/A,N/A
MYBBFC200094,200000000.00,BFC20009,BNIBF-DB 9/2020 92D 04.09.2020,BNM,BNIBF-DB,04/06/2020,04/09/2020,N/A,N/A
MYBBFC200102,330000000.00,BFC20010,BNIBF-DB 10/2020 92D 18.09.2020,BNM,BNIBF-DB,18/06/2020,18/09/2020,N/A,N/A
MYBBFC200110,200000000.00,BFC20011,BNIBF-DB 11/2020 92D 09.10.2020,BNM,BNIBF-DB,09/07/2020,09/10/2020,N/A,N/A
MYBBFC200128,150000000.00,BFC20012,BNIBF-DB 12/2020 92D 23.10.2020,BNM,BNIBF-DB,23/07/2020,23/10/2020,N/A,N/A
MYBDD0500039,0.00,DD050003,TRACOMA 0.00000% 28.07.2005 SN,TRACOMA,IBONDS,28/01/2005,28/07/2005,N/A,N/A
MYBDD0500112,0.00,DD050011,TRACOMA 0.00000% 28.07.2005 SN,TRACOMA,IBONDS,28/01/2005,28/07/2005,N/A,N/A
MYBDD0516548,0.00,DD051654,MTSB 0% 28.04.2006 SN,MTSB,IBONDS,28/10/2005,28/04/2006,N/A,N/A
MYBDD0516688,0.00,DD051668,MTSB 0% 28.04.2006 SN,MTSB,IBONDS,28/10/2005,28/04/2006,N/A,N/A
MYBDD0516803,0.00,DD051680,MTSB 0% 28.04.2006 SN,MTSB,IBONDS,28/10/2005,28/04/2006,N/A,N/A
MYBDD0516902,0.00,DD051690,MTSB 0% 28.04.2006 SN,MTSB,IBONDS,28/10/2005,28/04/2006,N/A,N/A
MYBDD0516985,0.00,DD051698,MTSB 0% 28.04.2006 SN,MTSB,IBONDS,28/10/2005,28/04/2006,N/A,N/A
MYBDD0519377,0.00,DD051937,SDEB 0% 09.06.2006 SN,SDEB,IBONDS,09/12/2005,09/06/2006,N/A,N/A
MYBDD0522108,0.00,DD052210,SDEB 0% 09.06.2006 SN,SDEB,IBONDS,09/12/2005,09/06/2006,N/A,N/A
MYBDD0522454,0.00,DD052245,SDEB 0% 09.06.2006 SN,SDEB,IBONDS,09/12/2005,09/06/2006,N/A,N/A
MYBDD0522793,0.00,DD052279,SDEB 0% 09.06.2006 SN,SDEB,IBONDS,09/12/2005,09/06/2006,N/A,N/A
MYBDD0523122,0.00,DD052312,SDEB 0% 09.06.2006 SN,SDEB,IBONDS,09/12/2005,09/06/2006,N/A,N/A
MYBDD0523445,0.00,DD052344,SDEB 0% 09.06.2006 SN,SDEB,IBONDS,09/12/2005,09/06/2006,N/A,N/A
MYBDD0523759,0.00,DD052375,SDEB 0% 09.06.2006 SN,SDEB,IBONDS,09/12/2005,09/06/2006,N/A,N/A
MYBDD0524120,0.00,DD052412,SDEB 0% 09.06.2006 SN,SDEB,IBONDS,09/12/2005,09/06/2006,N/A,N/A
MYBDD0528683,0.00,DD052868,SPRINT 0% 29.06.2006 SN,SPRINT,IBONDS,29/12/2005,29/06/2006,N/A,N/A
MYBDD0800546,0.00,DD080054,PIYS 0% 31.07.2008 SN,PIYS,IBONDS,31/01/2008,31/07/2008,N/A,N/A
MYBDD0800827,0.00,DD080082,PIYS 0% 31.07.2008 SN,PIYS,IBONDS,31/01/2008,31/07/2008,N/A,N/A
MYBDD0804399,0.00,DD080439,PRASARANA 0% 28.11.2008 SN,PRASARANA,IBONDS,30/05/2008,28/11/2008,N/A,N/A
MYBDD0810917,0.00,DD081091,PLSA 0% 30.04.2009 SN,PLSA,IBONDS,31/10/2008,30/04/2009,N/A,N/A
MYBDD0811295,0.00,DD081129,PLSA 0% 30.04.2009 SN,PLSA,IBONDS,31/10/2008,30/04/2009,N/A,N/A
MYBDD0811667,0.00,DD081166,PLSA 0% 30.04.2009 SN,PLSA,IBONDS,31/10/2008,30/04/2009,N/A,N/A
MYBDD0812020,0.00,DD081202,PLSA 0% 30.04.2009 SN,PLSA,IBONDS,31/10/2008,30/04/2009,N/A,N/A
MYBDD0812376,0.00,DD081237,PLSA 0% 30.04.2009 SN,PLSA,IBONDS,31/10/2008,30/04/2009,N/A,N/A
MYBDD0812715,0.00,DD081271,PLSA 0% 30.04.2009 SN,PLSA,IBONDS,31/10/2008,30/04/2009,N/A,N/A
MYBDD0813044,0.00,DD081304,PLSA 0% 30.04.2009 SN,PLSA,IBONDS,31/10/2008,30/04/2009,N/A,N/A
MYBDD0900056,0.00,DD090005,OWC 0% 20.08.2009 SN,OWC,IBONDS,20/02/2009,20/08/2009,N/A,N/A
MYBDD0900130,0.00,DD090013,OWC 0% 20.08.2009 SN,OWC,IBONDS,20/02/2009,20/08/2009,N/A,N/A
MYBDD0900239,0.00,DD090023,OWC 0% 20.08.2009 SN,OWC,IBONDS,20/02/2009,20/08/2009,N/A,N/A
MYBDD0900353,0.00,DD090035,OWC 0% 20.08.2009 SN,OWC,IBONDS,20/02/2009,20/08/2009,N/A,N/A
MYBDD0900593,0.00,DD090059,PLSA 0% 30.10.2009 SN,PLSA,IBONDS,30/04/2009,30/10/2009,N/A,N/A
MYBDD0900890,0.00,DD090089,PLSA 0% 30.10.2009 SN,PLSA,IBONDS,30/04/2009,30/10/2009,N/A,N/A
MYBDD0901187,0.00,DD090118,PLSA 0% 30.10.2009 SN,PLSA,IBONDS,30/04/2009,30/10/2009,N/A,N/A
MYBDD0902037,0.00,DD090203,PLSA 0% 30.04.2010 SN,PLSA,IBONDS,30/10/2009,30/04/2010,N/A,N/A
MYBDD0902292,0.00,DD090229,PLSA 0% 30.04.2010 SN,PLSA,IBONDS,30/10/2009,30/04/2010,N/A,N/A
MYBDD1500038,0.00,DD150003,ISLAM 0% 22.10.2015 SN,ISLAM,IBONDS,22/04/2015,22/10/2015,N/A,N/A
MYBDE04727Z0,0.00,DE04727Z,PSSB SHIP 0.00000% 15.12.2005 SN,PSSB SHIP,IBONDS,15/12/2004,15/12/2005,N/A,N/A
MYBDE04741H9,0.00,DE04741H,PSSB SHIP 0.00000% 15.12.2005 SN,PSSB SHIP,IBONDS,15/12/2004,15/12/2005,N/A,N/A
MYBDE0500045,0.00,DE050004,TRACOMA 0.00000% 27.01.2006 SN,TRACOMA,IBONDS,28/01/2005,27/01/2006,N/A,N/A
MYBDE0500128,0.00,DE050012,TRACOMA 0.00000% 27.01.2006 SN,TRACOMA,IBONDS,28/01/2005,27/01/2006,N/A,N/A
MYBDE0516553,0.00,DE051655,MTSB 0% 27.10.2006 SN,MTSB,IBONDS,28/10/2005,27/10/2006,N/A,N/A
MYBDE0516694,0.00,DE051669,MTSB 0% 27.10.2006 SN,MTSB,IBONDS,28/10/2005,27/10/2006,N/A,N/A
MYBDE0516819,0.00,DE051681,MTSB 0% 27.10.2006 SN,MTSB,IBONDS,28/10/2005,27/10/2006,N/A,N/A
MYBDE0516918,0.00,DE051691,MTSB 0% 27.10.2006 SN,MTSB,IBONDS,28/10/2005,27/10/2006,N/A,N/A
MYBDE0516991,0.00,DE051699,MTSB 0% 27.10.2006 SN,MTSB,IBONDS,28/10/2005,27/10/2006,N/A,N/A
MYBDE0528699,0.00,DE052869,SPRINT 0% 29.12.2006 SN,SPRINT,IBONDS,29/12/2005,29/12/2006,N/A,N/A
MYBDE0605760,0.00,DE060576,ZECON TOLL 0% 15.01.2007 SN,ZECON TOLL,IBONDS,14/07/2006,15/01/2007,N/A,N/A
MYBDE0605778,0.00,DE060577,ZECON TOLL 0% 16.07.2007 SN,ZECON TOLL,IBONDS,14/07/2006,16/07/2007,N/A,N/A
MYBDE0800023,0.00,DE080002,MANFAAT 0% 26.01.2009 SN,MANFAAT,IBONDS,25/01/2008,26/01/2009,N/A,N/A
MYBDE0800551,0.00,DE080055,PIYS 0% 30.01.2009 SN,PIYS,IBONDS,31/01/2008,30/01/2009,N/A,N/A
MYBDE0800833,0.00,DE080083,PIYS 0% 30.01.2009 SN,PIYS,IBONDS,31/01/2008,30/01/2009,N/A,N/A
MYBDE0804405,0.00,DE080440,PRASARANA 0% 29.05.2009 SN,PRASARANA,IBONDS,30/05/2008,29/05/2009,N/A,N/A
MYBDE0810923,0.00,DE081092,PLSA 0% 30.10.2009 SN,PLSA,IBONDS,31/10/2008,30/10/2009,N/A,N/A
MYBDE0811301,0.00,DE081130,PLSA 0% 30.10.2009 SN,PLSA,IBONDS,31/10/2008,30/10/2009,N/A,N/A
MYBDE0811673,0.00,DE081167,PLSA 0% 30.10.2009 SN,PLSA,IBONDS,31/10/2008,30/10/2009,N/A,N/A
MYBDE0812036,0.00,DE081203,PLSA 0% 30.10.2009 SN,PLSA,IBONDS,31/10/2008,30/10/2009,N/A,N/A
MYBDE0812382,0.00,DE081238,PLSA 0% 30.10.2009 SN,PLSA,IBONDS,31/10/2008,30/10/2009,N/A,N/A
MYBDE0812721,0.00,DE081272,PLSA 0% 30.10.2009 SN,PLSA,IBONDS,31/10/2008,30/10/2009,N/A,N/A
MYBDE0813059,0.00,DE081305,PLSA 0% 30.10.2009 SN,PLSA,IBONDS,31/10/2008,30/10/2009,N/A,N/A
MYBDE0900062,0.00,DE090006,OWC 0% 22.02.2010 SN,OWC,IBONDS,20/02/2009,22/02/2010,N/A,N/A
MYBDE0900146,0.00,DE090014,OWC 0% 22.02.2010 SN,OWC,IBONDS,20/02/2009,22/02/2010,N/A,N/A
MYBDE0900245,0.00,DE090024,OWC 0% 22.02.2010 SN,OWC,IBONDS,20/02/2009,22/02/2010,N/A,N/A
MYBDE0900369,0.00,DE090036,OWC 0% 22.02.2010 SN,OWC,IBONDS,20/02/2009,22/02/2010,N/A,N/A
MYBDE0900609,0.00,DE090060,PLSA 0% 30.04.2010 SN,PLSA,IBONDS,30/04/2009,30/04/2010,N/A,N/A
MYBDE0900906,0.00,DE090090,PLSA 0% 30.04.2010 SN,PLSA,IBONDS,30/04/2009,30/04/2010,N/A,N/A
MYBDE0901193,0.00,DE090119,PLSA 0% 30.04.2010 SN,PLSA,IBONDS,30/04/2009,30/04/2010,N/A,N/A
MYBDE0902043,0.00,DE090204,PLSA 0% 29.10.2010 SN,PLSA,IBONDS,30/10/2009,29/10/2010,N/A,N/A
MYBDE0902308,0.00,DE090230,PLSA 0% 29.10.2010 SN,PLSA,IBONDS,30/10/2009,29/10/2010,N/A,N/A
MYBDE1500044,0.00,DE150004,ISLAM 0% 22.04.2016 SN,ISLAM,IBONDS,22/04/2015,22/04/2016,N/A,N/A
MYBDE1600018,20000000.00,DE160001,THHE FAB 7.280% 04.08.2017,THHE FAB,IBONDS,05/08/2016,04/08/2017,N/A,N/A
MYBDF03044E5,16970000.00,DF03044E,LPSB 0.00000% 18.11.2005 (RSLS-C),LPSB,LOANSTOCK,20/11/2003,19/05/2009,N/A,N/A
MYBDF03045F9,73664000.00,DF03045F,LPSB 0.00000% 18.11.2005 (RSLS-D),LPSB,LOANSTOCK,20/11/2003,19/05/2009,N/A,N/A
MYBDF03046Z5,120870000.00,DF03046Z,LPSB 0.00000% 18.11.2005 (RSLS-A),LPSB,LOANSTOCK,20/11/2003,19/05/2009,N/A,N/A
MYBDF0404609,0.00,DF040460,PESAKA 0.00000% 30.09.2005 SN,PESAKA,IBONDS,01/04/2004,30/09/2005,N/A,N/A
MYBDF0404617,0.00,DF040461,PESAKA 0.00000% 31.03.2006 SN,PESAKA,IBONDS,01/04/2004,31/03/2006,N/A,N/A
MYBDF04728E2,0.00,DF04728E,PSSB SHIP 0.00000% 15.06.2006 SN,PSSB SHIP,IBONDS,15/12/2004,15/06/2006,N/A,N/A
MYBDF04729F7,0.00,DF04729F,PSSB SHIP 0.00000% 15.12.2006 SN,PSSB SHIP,IBONDS,15/12/2004,15/12/2006,N/A,N/A
MYBDF04742Z8,0.00,DF04742Z,PSSB SHIP 0.00000% 15.06.2006 SN,PSSB SHIP,IBONDS,15/12/2004,15/06/2006,N/A,N/A
MYBDF04743S1,0.00,DF04743S,PSSB SHIP 0.00000% 15.12.2006 SN,PSSB SHIP,IBONDS,15/12/2004,15/12/2006,N/A,N/A
MYBDF0500059,0.00,DF050005,TRACOMA 0.00000% 28.07.2006 SN,TRACOMA,IBONDS,28/01/2005,28/07/2006,N/A,N/A
MYBDF0500067,0.00,DF050006,TRACOMA 0.00000% 26.01.2007 SN,TRACOMA,IBONDS,28/01/2005,26/01/2007,N/A,N/A
MYBDF0500133,0.00,DF050013,TRACOMA 0.00000% 28.07.2006 SN,TRACOMA,IBONDS,28/01/2005,28/07/2006,N/A,N/A
MYBDF0500141,0.00,DF050014,TRACOMA 0.00000% 26.01.2007 SN,TRACOMA,IBONDS,28/01/2005,26/01/2007,N/A,N/A
MYBDF0516568,0.00,DF051656,MTSB 0% 27.04.2007 SN,MTSB,IBONDS,28/10/2005,27/04/2007,N/A,N/A
MYBDF0516576,0.00,DF051657,MTSB 0% 26.10.2007 SN,MTSB,IBONDS,28/10/2005,26/10/2007,N/A,N/A
MYBDF0516709,0.00,DF051670,MTSB 0% 27.04.2007 SN,MTSB,IBONDS,28/10/2005,27/04/2007,N/A,N/A
MYBDF0516717,0.00,DF051671,MTSB 0% 26.10.2007 SN,MTSB,IBONDS,28/10/2005,26/10/2007,N/A,N/A
MYBDF0516824,0.00,DF051682,MTSB 0% 27.04.2007 SN,MTSB,IBONDS,28/10/2005,27/04/2007,N/A,N/A
MYBDF0516832,0.00,DF051683,MTSB 0% 26.10.2007 SN,MTSB,IBONDS,28/10/2005,26/10/2007,N/A,N/A
MYBDF0516923,0.00,DF051692,MTSB 0% 27.04.2007 SN,MTSB,IBONDS,28/10/2005,27/04/2007,N/A,N/A
MYBDF0516931,0.00,DF051693,MTSB 0% 26.10.2007 SN,MTSB,IBONDS,28/10/2005,26/10/2007,N/A,N/A
MYBDF0517004,0.00,DF051700,MTSB 0% 27.04.2007 SN,MTSB,IBONDS,28/10/2005,27/04/2007,N/A,N/A
MYBDF0517012,0.00,DF051701,MTSB 0% 26.10.2007 SN,MTSB,IBONDS,28/10/2005,26/10/2007,N/A,N/A
MYBDF0519380,0.00,DF051938,SDEB 0% 11.12.2006 SN,SDEB,IBONDS,09/12/2005,11/12/2006,N/A,N/A
MYBDF0519398,0.00,DF051939,SDEB 0% 11.06.2007 SN,SDEB,IBONDS,09/12/2005,11/06/2007,N/A,N/A
MYBDF0522111,0.00,DF052211,SDEB 0% 11.12.2006 SN,SDEB,IBONDS,09/12/2005,11/12/2006,N/A,N/A
MYBDF0522129,0.00,DF052212,SDEB 0% 11.06.2007 SN,SDEB,IBONDS,09/12/2005,11/06/2007,N/A,N/A
MYBDF0522467,0.00,DF052246,SDEB 0% 11.12.2006 SN,SDEB,IBONDS,09/12/2005,11/12/2006,N/A,N/A
MYBDF0522475,0.00,DF052247,SDEB 0% 11.06.2007 SN,SDEB,IBONDS,09/12/2005,11/06/2007,N/A,N/A
MYBDF0522806,0.00,DF052280,SDEB 0% 11.12.2006 SN,SDEB,IBONDS,09/12/2005,11/12/2006,N/A,N/A
MYBDF0522814,0.00,DF052281,SDEB 0% 11.06.2007 SN,SDEB,IBONDS,09/12/2005,11/06/2007,N/A,N/A
MYBDF0523135,0.00,DF052313,SDEB 0% 11.12.2006 SN,SDEB,IBONDS,09/12/2005,11/12/2006,N/A,N/A
MYBDF0523143,0.00,DF052314,SDEB 0% 11.06.2007 SN,SDEB,IBONDS,09/12/2005,11/06/2007,N/A,N/A
MYBDF0523457,0.00,DF052345,SDEB 0% 11.12.2006 SN,SDEB,IBONDS,09/12/2005,11/12/2006,N/A,N/A
MYBDF0523465,0.00,DF052346,SDEB 0% 11.06.2007 SN,SDEB,IBONDS,09/12/2005,11/06/2007,N/A,N/A
MYBDF0523762,0.00,DF052376,SDEB 0% 11.12.2006 SN,SDEB,IBONDS,09/12/2005,11/12/2006,N/A,N/A
MYBDF0523770,0.00,DF052377,SDEB 0% 11.06.2007 SN,SDEB,IBONDS,09/12/2005,11/06/2007,N/A,N/A
MYBDF0524133,0.00,DF052413,SDEB 0% 11.12.2006 SN,SDEB,IBONDS,09/12/2005,11/12/2006,N/A,N/A
MYBDF0524141,0.00,DF052414,SDEB 0% 11.06.2007 SN,SDEB,IBONDS,09/12/2005,11/06/2007,N/A,N/A
MYBDF0528704,0.00,DF052870,SPRINT 0% 29.06.2007 SN,SPRINT,IBONDS,29/12/2005,29/06/2007,N/A,N/A
MYBDF0528712,0.00,DF052871,SPRINT 0% 28.12.2007 SN,SPRINT,IBONDS,29/12/2005,28/12/2007,N/A,N/A
MYBDF0605783,0.00,DF060578,ZECON TOLL 0% 14.01.2008 SN,ZECON TOLL,IBONDS,14/07/2006,14/01/2008,N/A,N/A
MYBDF0605791,0.00,DF060579,ZECON TOLL 0% 14.07.2008 SN,ZECON TOLL,IBONDS,14/07/2006,14/07/2008,N/A,N/A
MYBDF0800038,0.00,DF080003,MANFAAT 0% 27.07.2009 SN,MANFAAT,IBONDS,25/01/2008,27/07/2009,N/A,N/A
MYBDF0800046,0.00,DF080004,MANFAAT 0% 25.01.2010 SN,MANFAAT,IBONDS,25/01/2008,25/01/2010,N/A,N/A
MYBDF0800566,0.00,DF080056,PIYS 0% 31.07.2009 SN,PIYS,IBONDS,31/01/2008,31/07/2009,N/A,N/A
MYBDF0800574,0.00,DF080057,PIYS 0% 29.01.2010 SN,PIYS,IBONDS,31/01/2008,29/01/2010,N/A,N/A
MYBDF0800848,0.00,DF080084,PIYS 0% 31.07.2009 SN,PIYS,IBONDS,31/01/2008,31/07/2009,N/A,N/A
MYBDF0800855,0.00,DF080085,PIYS 0% 29.01.2010 SN,PIYS,IBONDS,31/01/2008,29/01/2010,N/A,N/A
MYBDF0804410,0.00,DF080441,PRASARANA 0% 30.11.2009 SN,PRASARANA,IBONDS,30/05/2008,30/11/2009,N/A,N/A
MYBDF0804428,0.00,DF080442,PRASARANA 0% 31.05.2010 SN,PRASARANA,IBONDS,30/05/2008,31/05/2010,N/A,N/A
MYBDF0810938,0.00,DF081093,PLSA 0% 30.04.2010 SN,PLSA,IBONDS,31/10/2008,30/04/2010,N/A,N/A
MYBDF0810946,0.00,DF081094,PLSA 0% 29.10.2010 SN,PLSA,IBONDS,31/10/2008,29/10/2010,N/A,N/A
MYBDF0811316,0.00,DF081131,PLSA 0% 30.04.2010 SN,PLSA,IBONDS,31/10/2008,30/04/2010,N/A,N/A
MYBDF0811324,0.00,DF081132,PLSA 0% 29.10.2010 SN,PLSA,IBONDS,31/10/2008,29/10/2010,N/A,N/A
MYBDF0811688,0.00,DF081168,PLSA 0% 30.04.2010 SN,PLSA,IBONDS,31/10/2008,30/04/2010,N/A,N/A
MYBDF0811696,0.00,DF081169,PLSA 0% 29.10.2010 SN,PLSA,IBONDS,31/10/2008,29/10/2010,N/A,N/A
MYBDF0812041,0.00,DF081204,PLSA 0% 30.04.2010 SN,PLSA,IBONDS,31/10/2008,30/04/2010,N/A,N/A
MYBDF0812058,0.00,DF081205,PLSA 0% 29.10.2010 SN,PLSA,IBONDS,31/10/2008,29/10/2010,N/A,N/A
MYBDF0812397,0.00,DF081239,PLSA 0% 30.04.2010 SN,PLSA,IBONDS,31/10/2008,30/04/2010,N/A,N/A
MYBDF0812405,0.00,DF081240,PLSA 0% 29.10.2010 SN,PLSA,IBONDS,31/10/2008,29/10/2010,N/A,N/A
MYBDF0812736,0.00,DF081273,PLSA 0% 30.04.2010 SN,PLSA,IBONDS,31/10/2008,30/04/2010,N/A,N/A
MYBDF0812744,0.00,DF081274,PLSA 0% 29.10.2010 SN,PLSA,IBONDS,31/10/2008,29/10/2010,N/A,N/A
MYBDF0813064,0.00,DF081306,PLSA 0% 30.04.2010 SN,PLSA,IBONDS,31/10/2008,30/04/2010,N/A,N/A
MYBDF0813072,0.00,DF081307,PLSA 0% 29.10.2010 SN,PLSA,IBONDS,31/10/2008,29/10/2010,N/A,N/A
MYBDF0900077,0.00,DF090007,OWC 0% 20.08.2010 SN,OWC,IBONDS,20/02/2009,20/08/2010,N/A,N/A
MYBDF0900085,0.00,DF090008,OWC 0% 21.02.2011 SN,OWC,IBONDS,20/02/2009,21/02/2011,N/A,N/A
MYBDF0900150,0.00,DF090015,OWC 0% 20.08.2010 SN,OWC,IBONDS,20/02/2009,20/08/2010,N/A,N/A
MYBDF0900168,0.00,DF090016,OWC 0% 21.02.2011 SN,OWC,IBONDS,20/02/2009,21/02/2011,N/A,N/A
MYBDF0900259,0.00,DF090025,OWC 0% 20.08.2010 SN,OWC,IBONDS,20/02/2009,20/08/2010,N/A,N/A
MYBDF0900267,0.00,DF090026,OWC 0% 21.02.2011 SN,OWC,IBONDS,20/02/2009,21/02/2011,N/A,N/A
MYBDF0900374,0.00,DF090037,OWC 0% 20.08.2010 SN,OWC,IBONDS,20/02/2009,20/08/2010,N/A,N/A
MYBDF0900382,0.00,DF090038,OWC 0% 21.02.2011 SN,OWC,IBONDS,20/02/2009,21/02/2011,N/A,N/A
MYBDF0900614,0.00,DF090061,PLSA 0% 29.10.2010 SN,PLSA,IBONDS,30/04/2009,29/10/2010,N/A,N/A
MYBDF0900622,0.00,DF090062,PLSA 0% 29.04.2011 SN,PLSA,IBONDS,30/04/2009,29/04/2011,N/A,N/A
MYBDF0900911,0.00,DF090091,PLSA 0% 29.10.2010 SN,PLSA,IBONDS,30/04/2009,29/10/2010,N/A,N/A
MYBDF0900929,0.00,DF090092,PLSA 0% 29.04.2011 SN,PLSA,IBONDS,30/04/2009,29/04/2011,N/A,N/A
MYBDF0901208,0.00,DF090120,PLSA 0% 29.10.2010 SN,PLSA,IBONDS,30/04/2009,29/10/2010,N/A,N/A
MYBDF0901216,0.00,DF090121,PLSA 0% 29.04.2011 SN,PLSA,IBONDS,30/04/2009,29/04/2011,N/A,N/A
MYBDF0902057,0.00,DF090205,PLSA 0% 29.04.2011 SN,PLSA,IBONDS,30/10/2009,29/04/2011,N/A,N/A
MYBDF0902065,0.00,DF090206,PLSA 0% 31.10.2011 SN,PLSA,IBONDS,30/10/2009,31/10/2011,N/A,N/A
MYBDF0902313,0.00,DF090231,PLSA 0% 29.04.2011 SN,PLSA,IBONDS,30/10/2009,29/04/2011,N/A,N/A
MYBDF0902321,0.00,DF090232,PLSA 0% 31.10.2011 SN,PLSA,IBONDS,30/10/2009,31/10/2011,N/A,N/A
MYBDF1500058,0.00,DF150005,ISLAM 0% 24.10.2016 SN,ISLAM,IBONDS,22/04/2015,24/10/2016,N/A,N/A
MYBDF1500066,0.00,DF150006,ISLAM 0% 24.04.2017 SN,ISLAM,IBONDS,22/04/2015,25/04/2017,N/A,N/A
MYBDF1600023,20000000.00,DF160002,THHE FAB 7.420% 03.08.2018,THHE FAB,IBONDS,05/08/2016,03/08/2018,N/A,N/A
MYBDG0213545,0.00,DG021354,GDC PUTRA 0.00000% 02.12.2005 SN,GDC PUTRA,IBONDS,04/12/2002,02/12/2005,N/A,N/A
MYBDG0304534,20000000.00,DG030453,ABI 5.50000% 30.05.2006,ABI,IBONDS,30/05/2003,30/05/2006,D_*I_*D,N/A
MYBDG0304609,0.00,DG030460,ABI 0.00000% 30.11.2005 SN,ABI,IBONDS,30/05/2003,30/11/2005,N/A,N/A
MYBDG0304617,0.00,DG030461,ABI 0.00000% 30.05.2006 SN,ABI,IBONDS,30/05/2003,30/05/2006,N/A,N/A
MYBDG0304666,0.00,DG030466,ABI 0.00000% 30.11.2005 SN,ABI,IBONDS,30/05/2003,30/11/2005,N/A,N/A
MYBDG0304674,0.00,DG030467,ABI 0.00000% 30.05.2006 SN,ABI,IBONDS,30/05/2003,30/05/2006,N/A,N/A
MYBDG0304740,0.00,DG030474,ABI 0.00000% 30.11.2005 SN,ABI,IBONDS,30/05/2003,30/11/2005,N/A,N/A
MYBDG0304757,0.00,DG030475,ABI 0.00000% 30.05.2006 SN,ABI,IBONDS,30/05/2003,30/05/2006,N/A,N/A
MYBDG0404508,60000000.00,DG040450,PESAKA 0.00000% 29.09.2006,PESAKA,IBONDS,01/04/2004,29/09/2006,D_*I_*D,N/A
MYBDG0404623,0.00,DG040462,PESAKA 0.00000% 29.09.2006 SN,PESAKA,IBONDS,01/04/2004,29/09/2006,N/A,N/A
MYBDG04730H0,0.00,DG04730H,PSSB SHIP 0.00000% 15.06.2007 SN,PSSB SHIP,IBONDS,15/12/2004,15/06/2007,N/A,N/A
MYBDG04744F5,0.00,DG04744F,PSSB SHIP 0.00000% 15.06.2007 SN,PSSB SHIP,IBONDS,15/12/2004,15/06/2007,N/A,N/A
MYBDG0500073,0.00,DG050007,TRACOMA 0.00000% 27.07.2007 SN,TRACOMA,IBONDS,28/01/2005,27/07/2007,N/A,N/A
MYBDG0500081,0.00,DG050008,TRACOMA 0.00000% 28.01.2008 SN,TRACOMA,IBONDS,28/01/2005,28/01/2008,N/A,N/A
MYBDG0500156,0.00,DG050015,TRACOMA 0.00000% 27.07.2007 SN,TRACOMA,IBONDS,28/01/2005,27/07/2007,N/A,N/A
MYBDG0500164,0.00,DG050016,TRACOMA 0.00000% 28.01.2008 SN,TRACOMA,IBONDS,28/01/2005,28/01/2008,N/A,N/A
MYBDG0516582,0.00,DG051658,MTSB 0% 28.04.2008 SN,MTSB,IBONDS,28/10/2005,28/04/2008,N/A,N/A
MYBDG0516723,0.00,DG051672,MTSB 0% 28.04.2008 SN,MTSB,IBONDS,28/10/2005,28/04/2008,N/A,N/A
MYBDG0516848,0.00,DG051684,MTSB 0% 28.04.2008 SN,MTSB,IBONDS,28/10/2005,28/04/2008,N/A,N/A
MYBDG0516947,0.00,DG051694,MTSB 0% 28.04.2008 SN,MTSB,IBONDS,28/10/2005,28/04/2008,N/A,N/A
MYBDG0517028,0.00,DG051702,MTSB 0% 28.04.2008 SN,MTSB,IBONDS,28/10/2005,28/04/2008,N/A,N/A
MYBDG0519404,0.00,DG051940,SDEB 0% 10.12.2007 SN,SDEB,IBONDS,09/12/2005,10/12/2007,N/A,N/A
MYBDG0519412,0.00,DG051941,SDEB 0% 09.06.2008 SN,SDEB,IBONDS,09/12/2005,09/06/2008,N/A,N/A
MYBDG0522135,0.00,DG052213,SDEB 0% 10.12.2007 SN,SDEB,IBONDS,09/12/2005,10/12/2007,N/A,N/A
MYBDG0522143,0.00,DG052214,SDEB 0% 09.06.2008 SN,SDEB,IBONDS,09/12/2005,09/06/2008,N/A,N/A
MYBDG0522481,0.00,DG052248,SDEB 0% 10.12.2007 SN,SDEB,IBONDS,09/12/2005,10/12/2007,N/A,N/A
MYBDG0522499,0.00,DG052249,SDEB 0% 09.06.2008 SN,SDEB,IBONDS,09/12/2005,09/06/2008,N/A,N/A
MYBDG0522820,0.00,DG052282,SDEB 0% 10.12.2007 SN,SDEB,IBONDS,09/12/2005,10/12/2007,N/A,N/A
MYBDG0522838,0.00,DG052283,SDEB 0% 09.06.2008 SN,SDEB,IBONDS,09/12/2005,09/06/2008,N/A,N/A
MYBDG0523158,0.00,DG052315,SDEB 0% 10.12.2007 SN,SDEB,IBONDS,09/12/2005,10/12/2007,N/A,N/A
MYBDG0523166,0.00,DG052316,SDEB 0% 09.06.2008 SN,SDEB,IBONDS,09/12/2005,09/06/2008,N/A,N/A
MYBDG0523471,0.00,DG052347,SDEB 0% 10.12.2007 SN,SDEB,IBONDS,09/12/2005,10/12/2007,N/A,N/A
MYBDG0523489,0.00,DG052348,SDEB 0% 09.06.2008 SN,SDEB,IBONDS,09/12/2005,09/06/2008,N/A,N/A
MYBDG0523786,0.00,DG052378,SDEB 0% 10.12.2007 SN,SDEB,IBONDS,09/12/2005,10/12/2007,N/A,N/A
MYBDG0523794,0.00,DG052379,SDEB 0% 09.06.2008 SN,SDEB,IBONDS,09/12/2005,09/06/2008,N/A,N/A
MYBDG0524156,0.00,DG052415,SDEB 0% 10.12.2007 SN,SDEB,IBONDS,09/12/2005,10/12/2007,N/A,N/A
MYBDG0524164,0.00,DG052416,SDEB 0% 09.06.2008 SN,SDEB,IBONDS,09/12/2005,09/06/2008,N/A,N/A
MYBDG0528728,0.00,DG052872,SPRINT 0% 27.06.2008 SN,SPRINT,IBONDS,29/12/2005,27/06/2008,N/A,N/A
MYBDG0528736,0.00,DG052873,SPRINT 0% 29.12.2008 SN,SPRINT,IBONDS,29/12/2005,29/12/2008,N/A,N/A
MYBDG0605807,0.00,DG060580,ZECON TOLL 0% 14.01.2009 SN,ZECON TOLL,IBONDS,14/07/2006,14/01/2009,N/A,N/A
MYBDG0605815,0.00,DG060581,ZECON TOLL 0% 14.07.2009 SN,ZECON TOLL,IBONDS,14/07/2006,14/07/2009,N/A,N/A
MYBDG0800051,0.00,DG080005,MANFAAT 0% 26.07.2010 SN,MANFAAT,IBONDS,25/01/2008,26/07/2010,N/A,N/A
MYBDG0800069,0.00,DG080006,MANFAAT 0% 25.01.2011 SN,MANFAAT,IBONDS,25/01/2008,25/01/2011,N/A,N/A
MYBDG0800580,0.00,DG080058,PIYS 0% 30.07.2010 SN,PIYS,IBONDS,31/01/2008,30/07/2010,N/A,N/A
MYBDG0800598,0.00,DG080059,PIYS 0% 31.01.2011 SN,PIYS,IBONDS,31/01/2008,31/01/2011,N/A,N/A
MYBDG0800861,0.00,DG080086,PIYS 0% 30.07.2010 SN,PIYS,IBONDS,31/01/2008,30/07/2010,N/A,N/A
MYBDG0800879,0.00,DG080087,PIYS 0% 31.01.2011 SN,PIYS,IBONDS,31/01/2008,31/01/2011,N/A,N/A
MYBDG0804434,0.00,DG080443,PRASARANA 0% 30.11.2010 SN,PRASARANA,IBONDS,30/05/2008,30/11/2010,N/A,N/A
MYBDG0804442,0.00,DG080444,PRASARANA 0% 30.05.2011 SN,PRASARANA,IBONDS,30/05/2008,30/05/2011,N/A,N/A
MYBDG0810951,0.00,DG081095,PLSA 0% 29.04.2011 SN,PLSA,IBONDS,31/10/2008,29/04/2011,N/A,N/A
MYBDG0810969,0.00,DG081096,PLSA 0% 31.10.2011 SN,PLSA,IBONDS,31/10/2008,31/10/2011,N/A,N/A
MYBDG0811330,0.00,DG081133,PLSA 0% 29.04.2011 SN,PLSA,IBONDS,31/10/2008,29/04/2011,N/A,N/A
MYBDG0811348,0.00,DG081134,PLSA 0% 31.10.2011 SN,PLSA,IBONDS,31/10/2008,31/10/2011,N/A,N/A
MYBDG0811702,0.00,DG081170,PLSA 0% 29.04.2011 SN,PLSA,IBONDS,31/10/2008,29/04/2011,N/A,N/A
MYBDG0811710,0.00,DG081171,PLSA 0% 31.10.2011 SN,PLSA,IBONDS,31/10/2008,31/10/2011,N/A,N/A
MYBDG0812064,0.00,DG081206,PLSA 0% 29.04.2011 SN,PLSA,IBONDS,31/10/2008,29/04/2011,N/A,N/A
MYBDG0812072,0.00,DG081207,PLSA 0% 31.10.2011 SN,PLSA,IBONDS,31/10/2008,31/10/2011,N/A,N/A
MYBDG0812411,0.00,DG081241,PLSA 0% 29.04.2011 SN,PLSA,IBONDS,31/10/2008,29/04/2011,N/A,N/A
MYBDG0812429,0.00,DG081242,PLSA 0% 31.10.2011 SN,PLSA,IBONDS,31/10/2008,31/10/2011,N/A,N/A
MYBDG0812759,0.00,DG081275,PLSA 0% 29.04.2011 SN,PLSA,IBONDS,31/10/2008,29/04/2011,N/A,N/A
MYBDG0812767,0.00,DG081276,PLSA 0% 31.10.2011 SN,PLSA,IBONDS,31/10/2008,31/10/2011,N/A,N/A
MYBDG0813088,0.00,DG081308,PLSA 0% 29.04.2011 SN,PLSA,IBONDS,31/10/2008,29/04/2011,N/A,N/A
MYBDG0813096,0.00,DG081309,PLSA 0% 31.10.2011 SN,PLSA,IBONDS,31/10/2008,31/10/2011,N/A,N/A
MYBDG0900091,0.00,DG090009,OWC 0% 22.08.2011 SN,OWC,IBONDS,20/02/2009,22/08/2011,N/A,N/A
MYBDG0900109,0.00,DG090010,OWC 0% 20.02.2012 SN,OWC,IBONDS,20/02/2009,20/02/2012,N/A,N/A
MYBDG0900174,0.00,DG090017,OWC 0% 22.08.2011 SN,OWC,IBONDS,20/02/2009,22/08/2011,N/A,N/A
MYBDG0900182,0.00,DG090018,OWC 0% 20.02.2012 SN,OWC,IBONDS,20/02/2009,20/02/2012,N/A,N/A
MYBDG0900273,0.00,DG090027,OWC 0% 22.08.2011 SN,OWC,IBONDS,20/02/2009,22/08/2011,N/A,N/A
MYBDG0900281,0.00,DG090028,OWC 0% 20.02.2012 SN,OWC,IBONDS,20/02/2009,20/02/2012,N/A,N/A
MYBDG0900398,0.00,DG090039,OWC 0% 22.08.2011 SN,OWC,IBONDS,20/02/2009,22/08/2011,N/A,N/A
MYBDG0900406,0.00,DG090040,OWC 0% 20.02.2012 SN,OWC,IBONDS,20/02/2009,20/02/2012,N/A,N/A
MYBDG0900638,0.00,DG090063,PLSA 0% 31.10.2011 SN,PLSA,IBONDS,30/04/2009,31/10/2011,N/A,N/A
MYBDG0900646,0.00,DG090064,PLSA 0% 30.04.2012 SN,PLSA,IBONDS,30/04/2009,30/04/2012,N/A,N/A
MYBDG0900935,0.00,DG090093,PLSA 0% 31.10.2011 SN,PLSA,IBONDS,30/04/2009,31/10/2011,N/A,N/A
MYBDG0900943,0.00,DG090094,PLSA 0% 30.04.2012 SN,PLSA,IBONDS,30/04/2009,30/04/2012,N/A,N/A
MYBDG0901222,0.00,DG090122,PLSA 0% 31.10.2011 SN,PLSA,IBONDS,30/04/2009,31/10/2011,N/A,N/A
MYBDG0901230,0.00,DG090123,PLSA 0% 30.04.2012 SN,PLSA,IBONDS,30/04/2009,30/04/2012,N/A,N/A
MYBDG0902071,0.00,DG090207,PLSA 0% 30.04.2012 SN,PLSA,IBONDS,30/10/2009,30/04/2012,N/A,N/A
MYBDG0902089,0.00,DG090208,PLSA 0% 31.10.2012 SN,PLSA,IBONDS,30/10/2009,31/10/2012,N/A,N/A
MYBDG0902337,0.00,DG090233,PLSA 0% 30.04.2012 SN,PLSA,IBONDS,30/10/2009,30/04/2012,N/A,N/A
MYBDG0902345,0.00,DG090234,PLSA 0% 31.10.2012 SN,PLSA,IBONDS,30/10/2009,31/10/2012,N/A,N/A
MYBDG1300069,170000000.00,DG130006,TH HEAVY 7.00% 30.09.2016 (Issue No. 01),TH HEAVY,IBONDS,30/09/2013,30/09/2016,N/A,N/A
MYBDG1500072,0.00,DG150007,ISLAM 0% 23.10.2017 SN,ISLAM,IBONDS,22/04/2015,23/10/2017,N/A,N/A
MYBDG1500080,0.00,DG150008,ISLAM 0% 23.04.2018 SN,ISLAM,IBONDS,22/04/2015,23/04/2018,N/A,N/A
MYBDG1600039,30000000.00,DG160003,THHE FAB 7.510% 05.08.2019,THHE FAB,IBONDS,05/08/2016,05/08/2019,N/A,N/A
MYBDH0213550,0.00,DH021355,GDC PUTRA 0.00000% 02.06.2006 SN,GDC PUTRA,IBONDS,04/12/2002,02/06/2006,N/A,N/A
MYBDH0213568,0.00,DH021356,GDC PUTRA 0.00000% 04.12.2006 SN,GDC PUTRA,IBONDS,04/12/2002,04/12/2006,N/A,N/A
MYBDH0304540,30000000.00,DH030454,ABI 5.75000% 30.05.2007,ABI,IBONDS,30/05/2003,30/05/2007,D_*I_*D,N/A
MYBDH0304680,0.00,DH030468,ABI 0.00000% 30.11.2006 SN,ABI,IBONDS,30/05/2003,30/11/2006,N/A,N/A
MYBDH0304698,0.00,DH030469,ABI 0.00000% 30.05.2007 SN,ABI,IBONDS,30/05/2003,30/05/2007,N/A,N/A
MYBDH0304763,0.00,DH030476,ABI 0.00000% 30.11.2006 SN,ABI,IBONDS,30/05/2003,30/11/2006,N/A,N/A
MYBDH0304771,0.00,DH030477,ABI 0.00000% 30.05.2007 SN,ABI,IBONDS,30/05/2003,30/05/2007,N/A,N/A
MYBDH04731Z9,0.00,DH04731Z,PSSB SHIP 0.00000% 17.12.2007 SN,PSSB SHIP,IBONDS,15/12/2004,17/12/2007,N/A,N/A
MYBDH04732S2,0.00,DH04732S,PSSB SHIP 0.00000% 16.06.2008 SN,PSSB SHIP,IBONDS,15/12/2004,16/06/2008,N/A,N/A
MYBDH04733H3,0.00,DH04733H,PSSB SHIP 0.00000% 15.12.2008 SN,PSSB SHIP,IBONDS,15/12/2004,15/12/2008,N/A,N/A
MYBDH04745A2,0.00,DH04745A,PSSB SHIP 0.00000% 17.12.2007 SN,PSSB SHIP,IBONDS,15/12/2004,17/12/2007,N/A,N/A
MYBDH04746E2,0.00,DH04746E,PSSB SHIP 0.00000% 16.06.2008 SN,PSSB SHIP,IBONDS,15/12/2004,16/06/2008,N/A,N/A
MYBDH04747F7,0.00,DH04747F,PSSB SHIP 0.00000% 15.12.2008 SN,PSSB SHIP,IBONDS,15/12/2004,15/12/2008,N/A,N/A
MYBDH0500014,50000000.00,DH050001,TRACOMA BAIDS RM50.0M 28/01/2009,TRACOMA,IBONDS,28/01/2005,28/01/2009,A_*I_*D,N/A
MYBDH0500097,0.00,DH050009,TRACOMA 0.00000% 28.07.2008 SN,TRACOMA,IBONDS,28/01/2005,28/07/2008,N/A,N/A
MYBDH0500105,0.00,DH050010,TRACOMA 0.00000% 28.01.2009 SN,TRACOMA,IBONDS,28/01/2005,28/01/2009,N/A,N/A
MYBDH0500170,0.00,DH050017,TRACOMA 0.00000% 28.07.2008 SN,TRACOMA,IBONDS,28/01/2005,28/07/2008,N/A,N/A
MYBDH0500188,0.00,DH050018,TRACOMA 0.00000% 28.01.2009 SN,TRACOMA,IBONDS,28/01/2005,28/01/2009,N/A,N/A
MYBDH0516515,32089585.06,DH051651,MTSB 0% 28.10.2008,MTSB,IBONDS,28/10/2005,28/10/2008,N/A,A2
MYBDH0516598,0.00,DH051659,MTSB 0% 28.10.2008 SN,MTSB,IBONDS,28/10/2005,28/10/2008,N/A,N/A
MYBDH0516606,0.00,DH051660,MTSB 0% 28.04.2009 SN,MTSB,IBONDS,28/10/2005,28/04/2009,N/A,N/A
MYBDH0516739,0.00,DH051673,MTSB 0% 28.10.2008 SN,MTSB,IBONDS,28/10/2005,28/10/2008,N/A,N/A
MYBDH0516747,0.00,DH051674,MTSB 0% 28.04.2009 SN,MTSB,IBONDS,28/10/2005,28/04/2009,N/A,N/A
MYBDH0516853,0.00,DH051685,MTSB 0% 28.10.2008 SN,MTSB,IBONDS,28/10/2005,28/10/2008,N/A,N/A
MYBDH0516861,0.00,DH051686,MTSB 0% 28.04.2009 SN,MTSB,IBONDS,28/10/2005,28/04/2009,N/A,N/A
MYBDH0516952,0.00,DH051695,MTSB 0% 28.10.2008 SN,MTSB,IBONDS,28/10/2005,28/10/2008,N/A,N/A
MYBDH0516960,0.00,DH051696,MTSB 0% 28.04.2009 SN,MTSB,IBONDS,28/10/2005,28/04/2009,N/A,N/A
MYBDH0517034,0.00,DH051703,MTSB 0% 28.10.2008 SN,MTSB,IBONDS,28/10/2005,28/10/2008,N/A,N/A
MYBDH0519428,0.00,DH051942,SDEB 0% 09.12.2008 SN,SDEB,IBONDS,09/12/2005,09/12/2008,N/A,N/A
MYBDH0519436,0.00,DH051943,SDEB 0% 09.06.2009 SN,SDEB,IBONDS,09/12/2005,09/06/2009,N/A,N/A
MYBDH0522158,0.00,DH052215,SDEB 0% 09.12.2008 SN,SDEB,IBONDS,09/12/2005,09/12/2008,N/A,N/A
MYBDH0522166,0.00,DH052216,SDEB 0% 09.06.2009 SN,SDEB,IBONDS,09/12/2005,09/06/2009,N/A,N/A
MYBDH0522505,0.00,DH052250,SDEB 0% 09.12.2008 SN,SDEB,IBONDS,09/12/2005,09/12/2008,N/A,N/A
MYBDH0522513,0.00,DH052251,SDEB 0% 09.06.2009 SN,SDEB,IBONDS,09/12/2005,09/06/2009,N/A,N/A
MYBDH0522844,0.00,DH052284,SDEB 0% 09.12.2008 SN,SDEB,IBONDS,09/12/2005,09/12/2008,N/A,N/A
MYBDH0522851,0.00,DH052285,SDEB 0% 09.06.2009 SN,SDEB,IBONDS,09/12/2005,09/06/2009,N/A,N/A
MYBDH0523172,0.00,DH052317,SDEB 0% 09.12.2008 SN,SDEB,IBONDS,09/12/2005,09/12/2008,N/A,N/A
MYBDH0523180,0.00,DH052318,SDEB 0% 09.06.2009 SN,SDEB,IBONDS,09/12/2005,09/06/2009,N/A,N/A
MYBDH0523495,0.00,DH052349,SDEB 0% 09.12.2008 SN,SDEB,IBONDS,09/12/2005,09/12/2008,N/A,N/A
MYBDH0523503,0.00,DH052350,SDEB 0% 09.06.2009 SN,SDEB,IBONDS,09/12/2005,09/06/2009,N/A,N/A
MYBDH0523800,0.00,DH052380,SDEB 0% 09.12.2008 SN,SDEB,IBONDS,09/12/2005,09/12/2008,N/A,N/A
MYBDH0523818,0.00,DH052381,SDEB 0% 09.06.2009 SN,SDEB,IBONDS,09/12/2005,09/06/2009,N/A,N/A
MYBDH0524170,0.00,DH052417,SDEB 0% 09.12.2008 SN,SDEB,IBONDS,09/12/2005,09/12/2008,N/A,N/A
MYBDH0524188,0.00,DH052418,SDEB 0% 09.06.2009 SN,SDEB,IBONDS,09/12/2005,09/06/2009,N/A,N/A
MYBDH0528742,0.00,DH052874,SPRINT 0% 29.06.2009 SN,SPRINT,IBONDS,29/12/2005,29/06/2009,N/A,N/A
MYBDH0528759,0.00,DH052875,SPRINT 0% 29.12.2009 SN,SPRINT,IBONDS,29/12/2005,29/12/2009,N/A,N/A
MYBDH0605821,0.00,DH060582,ZECON TOLL 0% 14.01.2010 SN,ZECON TOLL,IBONDS,14/07/2006,14/01/2010,N/A,N/A
MYBDH0605839,0.00,DH060583,ZECON TOLL 0% 14.07.2010 SN,ZECON TOLL,IBONDS,14/07/2006,14/07/2010,N/A,N/A
MYBDH0800075,0.00,DH080007,MANFAAT 0% 25.07.2011 SN,MANFAAT,IBONDS,25/01/2008,25/07/2011,N/A,N/A
MYBDH0800083,0.00,DH080008,MANFAAT 0% 25.01.2012 SN,MANFAAT,IBONDS,25/01/2008,25/01/2012,N/A,N/A
MYBDH0800604,0.00,DH080060,PIYS 0% 29.07.2011 SN,PIYS,IBONDS,31/01/2008,29/07/2011,N/A,N/A
MYBDH0800612,0.00,DH080061,PIYS 0% 31.01.2012 SN,PIYS,IBONDS,31/01/2008,31/01/2012,N/A,N/A
MYBDH0800885,0.00,DH080088,PIYS 0% 29.07.2011 SN,PIYS,IBONDS,31/01/2008,29/07/2011,N/A,N/A
MYBDH0800893,0.00,DH080089,PIYS 0% 31.01.2012 SN,PIYS,IBONDS,31/01/2008,31/01/2012,N/A,N/A
MYBDH0804457,0.00,DH080445,PRASARANA 0% 30.11.2011 SN,PRASARANA,IBONDS,30/05/2008,30/11/2011,N/A,N/A
MYBDH0804465,0.00,DH080446,PRASARANA 0% 30.05.2012 SN,PRASARANA,IBONDS,30/05/2008,30/05/2012,N/A,N/A
MYBDH0810975,0.00,DH081097,PLSA 0% 30.04.2012 SN,PLSA,IBONDS,31/10/2008,30/04/2012,N/A,N/A
MYBDH0810983,0.00,DH081098,PLSA 0% 31.10.2012 SN,PLSA,IBONDS,31/10/2008,31/10/2012,N/A,N/A
MYBDH0811353,0.00,DH081135,PLSA 0% 30.04.2012 SN,PLSA,IBONDS,31/10/2008,30/04/2012,N/A,N/A
MYBDH0811361,0.00,DH081136,PLSA 0% 31.10.2012 SN,PLSA,IBONDS,31/10/2008,31/10/2012,N/A,N/A
MYBDH0811726,0.00,DH081172,PLSA 0% 30.04.2012 SN,PLSA,IBONDS,31/10/2008,30/04/2012,N/A,N/A
MYBDH0811734,0.00,DH081173,PLSA 0% 31.10.2012 SN,PLSA,IBONDS,31/10/2008,31/10/2012,N/A,N/A
MYBDH0812088,0.00,DH081208,PLSA 0% 30.04.2012 SN,PLSA,IBONDS,31/10/2008,30/04/2012,N/A,N/A
MYBDH0812096,0.00,DH081209,PLSA 0% 31.10.2012 SN,PLSA,IBONDS,31/10/2008,31/10/2012,N/A,N/A
MYBDH0812435,0.00,DH081243,PLSA 0% 30.04.2012 SN,PLSA,IBONDS,31/10/2008,30/04/2012,N/A,N/A
MYBDH0812443,0.00,DH081244,PLSA 0% 31.10.2012 SN,PLSA,IBONDS,31/10/2008,31/10/2012,N/A,N/A
MYBDH0812773,0.00,DH081277,PLSA 0% 30.04.2012 SN,PLSA,IBONDS,31/10/2008,30/04/2012,N/A,N/A
MYBDH0812781,0.00,DH081278,PLSA 0% 31.10.2012 SN,PLSA,IBONDS,31/10/2008,31/10/2012,N/A,N/A
MYBDH0813102,0.00,DH081310,PLSA 0% 30.04.2012 SN,PLSA,IBONDS,31/10/2008,30/04/2012,N/A,N/A
MYBDH0813110,0.00,DH081311,PLSA 0% 31.10.2012 SN,PLSA,IBONDS,31/10/2008,31/10/2012,N/A,N/A
MYBDH0900016,50000000.00,DH090001,OWC 6.60% 20.02.2013 (Tranche 1),OWC,IBONDS,20/02/2009,20/02/2013,AA-_*I_*S,N/A
MYBDH0900115,1650000.00,DH090011,OWC 0% 20.08.2012 SN,OWC,IBONDS,20/02/2009,20/08/2012,AA-_*I_*S,N/A
MYBDH0900123,1650000.00,DH090012,OWC 0% 20.02.2013 SN,OWC,IBONDS,20/02/2009,20/02/2013,AA-_*I_*S,N/A
MYBDH0900198,1700000.00,DH090019,OWC 0% 20.08.2012 SN,OWC,IBONDS,20/02/2009,20/08/2012,AA-_*I_*S,N/A
MYBDH0900206,1700000.00,DH090020,OWC 0% 20.02.2013 SN,OWC,IBONDS,20/02/2009,20/02/2013,AA-_*I_*S,N/A
MYBDH0900297,1750000.00,DH090029,OWC 0% 20.08.2012 SN,OWC,IBONDS,20/02/2009,20/08/2012,AA-_*I_*S,N/A
MYBDH0900305,1750000.00,DH090030,OWC 0% 20.02.2013 SN,OWC,IBONDS,20/02/2009,20/02/2013,AA-_*I_*S,N/A
MYBDH0900412,1800000.00,DH090041,OWC 0% 20.08.2012 SN,OWC,IBONDS,20/02/2009,20/08/2012,AA-_*I_*S,N/A
MYBDH0900420,1800000.00,DH090042,OWC 0% 20.02.2013 SN,OWC,IBONDS,20/02/2009,20/02/2013,AA-_*I_*S,N/A
MYBDH0900651,0.00,DH090065,PLSA 0% 31.10.2012 SN,PLSA,IBONDS,30/04/2009,31/10/2012,N/A,N/A
MYBDH0900669,0.00,DH090066,PLSA 0% 30.04.2013 SN,PLSA,IBONDS,30/04/2009,30/04/2013,N/A,N/A
MYBDH0900958,0.00,DH090095,PLSA 0% 31.10.2012 SN,PLSA,IBONDS,30/04/2009,31/10/2012,N/A,N/A
MYBDH0900966,0.00,DH090096,PLSA 0% 30.04.2013 SN,PLSA,IBONDS,30/04/2009,30/04/2013,N/A,N/A
MYBDH0901246,0.00,DH090124,PLSA 0% 31.10.2012 SN,PLSA,IBONDS,30/04/2009,31/10/2012,N/A,N/A
MYBDH0901253,0.00,DH090125,PLSA 0% 30.04.2013 SN,PLSA,IBONDS,30/04/2009,30/04/2013,N/A,N/A
MYBDH0901485,0.00,DH090148,TALAM CORP 2% 28.12.2012 SN,TALAM CORP,IBONDS,29/06/2009,28/12/2012,N/A,N/A
MYBDH0901493,0.00,DH090149,TALAM CORP 2% 28.06.2013 SN,TALAM CORP,IBONDS,29/06/2009,28/06/2013,N/A,N/A
MYBDH0902095,0.00,DH090209,PLSA 0% 30.04.2013 SN,PLSA,IBONDS,30/10/2009,30/04/2013,N/A,N/A
MYBDH0902103,0.00,DH090210,PLSA 0% 31.10.2013 SN,PLSA,IBONDS,30/10/2009,31/10/2013,N/A,N/A
MYBDH0902350,0.00,DH090235,PLSA 0% 30.04.2013 SN,PLSA,IBONDS,30/10/2009,30/04/2013,N/A,N/A
MYBDH0902368,0.00,DH090236,PLSA 0% 31.10.2013 SN,PLSA,IBONDS,30/10/2009,31/10/2013,N/A,N/A
MYBDH1500096,0.00,DH150009,ISLAM 0% 22.10.2018 SN,ISLAM,IBONDS,22/04/2015,22/10/2018,N/A,N/A
MYBDH1500104,0.00,DH150010,ISLAM 0% 22.04.2019 SN,ISLAM,IBONDS,22/04/2015,22/04/2019,N/A,N/A
MYBDI0213574,0.00,DI021357,GDC PUTRA 0.00000% 04.06.2007 SN,GDC PUTRA,IBONDS,04/12/2002,04/06/2007,N/A,N/A
MYBDI0213582,0.00,DI021358,GDC PUTRA 0.00000% 04.12.2007 SN,GDC PUTRA,IBONDS,04/12/2002,04/12/2007,N/A,N/A
MYBDI0304555,30000000.00,DI030455,ABI 5.95000% 30.05.2008,ABI,IBONDS,30/05/2003,30/05/2008,D_*I_*D,N/A
MYBDI0304787,0.00,DI030478,ABI 0.00000% 30.11.2007 SN,ABI,IBONDS,30/05/2003,30/11/2007,N/A,N/A
MYBDI0304795,0.00,DI030479,ABI 0.00000% 30.05.2008 SN,ABI,IBONDS,30/05/2003,30/05/2008,N/A,N/A
MYBDI04734Z2,0.00,DI04734Z,PSSB SHIP 0.00000% 15.06.2009 SN,PSSB SHIP,IBONDS,15/12/2004,15/06/2009,N/A,N/A
MYBDI04735S4,0.00,DI04735S,PSSB SHIP 0.00000% 15.12.2009 SN,PSSB SHIP,IBONDS,15/12/2004,15/12/2009,N/A,N/A
MYBDI04748A5,0.00,DI04748A,PSSB SHIP 0.00000% 15.06.2009 SN,PSSB SHIP,IBONDS,15/12/2004,15/06/2009,N/A,N/A
MYBDI04749E5,0.00,DI04749E,PSSB SHIP 0.00000% 15.12.2009 SN,PSSB SHIP,IBONDS,15/12/2004,15/12/2009,N/A,N/A
MYBDI0500020,50000000.00,DI050002,TRACOMA BAIDS RM50.0M 28/01/2010,TRACOMA,IBONDS,28/01/2005,28/01/2010,A_*I_*D,N/A
MYBDI0500194,0.00,DI050019,TRACOMA 0.00000% 28.07.2009 SN,TRACOMA,IBONDS,28/01/2005,28/07/2009,N/A,N/A
MYBDI0500202,0.00,DI050020,TRACOMA 0.00000% 28.01.2010 SN,TRACOMA,IBONDS,28/01/2005,28/01/2010,N/A,N/A
MYBDI0516505,32089585.08,DI051650,MTSB 0% 28.10.2009,MTSB,IBONDS,28/10/2005,28/10/2009,N/A,A2
MYBDI0516612,3729491.89,DI051661,MTSB 0% 28.10.2009 SN,MTSB,IBONDS,28/10/2005,28/10/2009,N/A,A2
MYBDI0516620,3697810.20,DI051662,MTSB 0% 28.04.2010 SN,MTSB,IBONDS,28/10/2005,28/04/2010,N/A,A2
MYBDI0516752,3541230.18,DI051675,MTSB 0% 28.10.2009 SN,MTSB,IBONDS,28/10/2005,28/10/2009,N/A,A2
MYBDI0516760,3510988.57,DI051676,MTSB 0% 28.04.2010 SN,MTSB,IBONDS,28/10/2005,28/04/2010,N/A,A2
MYBDI0516877,2870531.00,DI051687,MTSB 0% 28.10.2009 SN,MTSB,IBONDS,28/10/2005,28/10/2009,N/A,A2
MYBDI0516885,2846020.30,DI051688,MTSB 0% 28.04.2010 SN,MTSB,IBONDS,28/10/2005,28/04/2010,N/A,A2
MYBDI0516976,1770917.82,DI051697,MTSB 0% 28.10.2009 SN,MTSB,IBONDS,28/10/2005,28/10/2009,N/A,A2
MYBDI0519442,0.00,DI051944,SDEB 0% 09.12.2009 SN,SDEB,IBONDS,09/12/2005,09/12/2009,N/A,N/A
MYBDI0519459,0.00,DI051945,SDEB 0% 09.06.2010 SN,SDEB,IBONDS,09/12/2005,09/06/2010,N/A,N/A
MYBDI0519467,0.00,DI051946,SDEB 0% 09.12.2010 SN,SDEB,IBONDS,09/12/2005,09/12/2010,N/A,N/A
MYBDI0522172,0.00,DI052217,SDEB 0% 09.12.2009 SN,SDEB,IBONDS,09/12/2005,09/12/2009,N/A,N/A
MYBDI0522180,0.00,DI052218,SDEB 0% 09.06.2010 SN,SDEB,IBONDS,09/12/2005,09/06/2010,N/A,N/A
MYBDI0522198,0.00,DI052219,SDEB 0% 09.12.2010 SN,SDEB,IBONDS,09/12/2005,09/12/2010,N/A,N/A
MYBDI0522529,0.00,DI052252,SDEB 0% 09.12.2009 SN,SDEB,IBONDS,09/12/2005,09/12/2009,N/A,N/A
MYBDI0522537,0.00,DI052253,SDEB 0% 09.06.2010 SN,SDEB,IBONDS,09/12/2005,09/06/2010,N/A,N/A
MYBDI0522545,0.00,DI052254,SDEB 0% 09.12.2010 SN,SDEB,IBONDS,09/12/2005,09/12/2010,N/A,N/A
MYBDI0522867,0.00,DI052286,SDEB 0% 09.12.2009 SN,SDEB,IBONDS,09/12/2005,09/12/2009,N/A,N/A
MYBDI0522875,0.00,DI052287,SDEB 0% 09.06.2010 SN,SDEB,IBONDS,09/12/2005,09/06/2010,N/A,N/A
MYBDI0522883,0.00,DI052288,SDEB 0% 09.12.2010 SN,SDEB,IBONDS,09/12/2005,09/12/2010,N/A,N/A
MYBDI0523196,0.00,DI052319,SDEB 0% 09.12.2009 SN,SDEB,IBONDS,09/12/2005,09/12/2009,N/A,N/A
MYBDI0523204,0.00,DI052320,SDEB 0% 09.06.2010 SN,SDEB,IBONDS,09/12/2005,09/06/2010,N/A,N/A
MYBDI0523212,0.00,DI052321,SDEB 0% 09.12.2010 SN,SDEB,IBONDS,09/12/2005,09/12/2010,N/A,N/A
MYBDI0523519,0.00,DI052351,SDEB 0% 09.12.2009 SN,SDEB,IBONDS,09/12/2005,09/12/2009,N/A,N/A
MYBDI0523527,0.00,DI052352,SDEB 0% 09.06.2010 SN,SDEB,IBONDS,09/12/2005,09/06/2010,N/A,N/A
MYBDI0523535,0.00,DI052353,SDEB 0% 09.12.2010 SN,SDEB,IBONDS,09/12/2005,09/12/2010,N/A,N/A
MYBDI0523824,0.00,DI052382,SDEB 0% 09.12.2009 SN,SDEB,IBONDS,09/12/2005,09/12/2009,N/A,N/A
MYBDI0523832,0.00,DI052383,SDEB 0% 09.06.2010 SN,SDEB,IBONDS,09/12/2005,09/06/2010,N/A,N/A
MYBDI0523840,0.00,DI052384,SDEB 0% 09.12.2010 SN,SDEB,IBONDS,09/12/2005,09/12/2010,N/A,N/A
MYBDI0524194,0.00,DI052419,SDEB 0% 09.12.2009 SN,SDEB,IBONDS,09/12/2005,09/12/2009,N/A,N/A
MYBDI0524202,0.00,DI052420,SDEB 0% 09.06.2010 SN,SDEB,IBONDS,09/12/2005,09/06/2010,N/A,N/A
MYBDI0524210,0.00,DI052421,SDEB 0% 09.12.2010 SN,SDEB,IBONDS,09/12/2005,09/12/2010,N/A,N/A
MYBDI0528765,0.00,DI052876,SPRINT 0% 29.06.2010 SN,SPRINT,IBONDS,29/12/2005,29/06/2010,N/A,N/A
MYBDI0528773,0.00,DI052877,SPRINT 0% 29.12.2010 SN,SPRINT,IBONDS,29/12/2005,29/12/2010,N/A,N/A
MYBDI0605845,0.00,DI060584,ZECON TOLL 0% 14.01.2011 SN,ZECON TOLL,IBONDS,14/07/2006,14/01/2011,N/A,N/A
MYBDI0605852,0.00,DI060585,ZECON TOLL 0% 14.07.2011 SN,ZECON TOLL,IBONDS,14/07/2006,14/07/2011,N/A,N/A
MYBDI0700083,95000000.00,DI070008,PRIMA UNO 0% 26.01.2012,PRIMA UNO,ABS,26/01/2007,26/01/2012,BB,N/A
MYBDI0700091,40000000.00,DI070009,PRIMA UNO 8.300% 26.01.2012,PRIMA UNO,ABS,26/01/2007,26/01/2012,AA,N/A
MYBDI0700109,167304551.99,DI070010,PRIMA UNO 6.500% 26.01.2012,PRIMA UNO,ABS,26/01/2007,26/01/2012,AAA,N/A
MYBDI0800099,0.00,DI080009,MANFAAT 0% 25.07.2012 SN,MANFAAT,IBONDS,25/01/2008,25/07/2012,N/A,N/A
MYBDI0800107,0.00,DI080010,MANFAAT 0% 25.01.2013 SN,MANFAAT,IBONDS,25/01/2008,25/01/2013,N/A,N/A
MYBDI0800628,0.00,DI080062,PIYS 0% 31.07.2012 SN,PIYS,IBONDS,31/01/2008,31/07/2012,N/A,N/A
MYBDI0800636,0.00,DI080063,PIYS 0% 31.01.2013 SN,PIYS,IBONDS,31/01/2008,31/01/2013,N/A,N/A
MYBDI0800909,0.00,DI080090,PIYS 0% 31.07.2012 SN,PIYS,IBONDS,31/01/2008,31/07/2012,N/A,N/A
MYBDI0800917,0.00,DI080091,PIYS 0% 31.01.2013 SN,PIYS,IBONDS,31/01/2008,31/01/2013,N/A,N/A
MYBDI0804471,0.00,DI080447,PRASARANA 0% 30.11.2012 SN,PRASARANA,IBONDS,30/05/2008,30/11/2012,N/A,N/A
MYBDI0804489,0.00,DI080448,PRASARANA 0% 30.05.2013 SN,PRASARANA,IBONDS,30/05/2008,30/05/2013,N/A,N/A
MYBDI0810999,0.00,DI081099,PLSA 0% 30.04.2013 SN,PLSA,IBONDS,31/10/2008,30/04/2013,N/A,N/A
MYBDI0811005,0.00,DI081100,PLSA 0% 31.10.2013 SN,PLSA,IBONDS,31/10/2008,31/10/2013,N/A,N/A
MYBDI0811377,0.00,DI081137,PLSA 0% 30.04.2013 SN,PLSA,IBONDS,31/10/2008,30/04/2013,N/A,N/A
MYBDI0811385,0.00,DI081138,PLSA 0% 31.10.2013 SN,PLSA,IBONDS,31/10/2008,31/10/2013,N/A,N/A
MYBDI0811740,0.00,DI081174,PLSA 0% 30.04.2013 SN,PLSA,IBONDS,31/10/2008,30/04/2013,N/A,N/A
MYBDI0811757,0.00,DI081175,PLSA 0% 31.10.2013 SN,PLSA,IBONDS,31/10/2008,31/10/2013,N/A,N/A
MYBDI0812102,0.00,DI081210,PLSA 0% 30.04.2013 SN,PLSA,IBONDS,31/10/2008,30/04/2013,N/A,N/A
MYBDI0812110,0.00,DI081211,PLSA 0% 31.10.2013 SN,PLSA,IBONDS,31/10/2008,31/10/2013,N/A,N/A
MYBDI0812458,0.00,DI081245,PLSA 0% 30.04.2013 SN,PLSA,IBONDS,31/10/2008,30/04/2013,N/A,N/A
MYBDI0812466,0.00,DI081246,PLSA 0% 31.10.2013 SN,PLSA,IBONDS,31/10/2008,31/10/2013,N/A,N/A
MYBDI0812797,0.00,DI081279,PLSA 0% 30.04.2013 SN,PLSA,IBONDS,31/10/2008,30/04/2013,N/A,N/A
MYBDI0812805,0.00,DI081280,PLSA 0% 31.10.2013 SN,PLSA,IBONDS,31/10/2008,31/10/2013,N/A,N/A
MYBDI0813126,0.00,DI081312,PLSA 0% 30.04.2013 SN,PLSA,IBONDS,31/10/2008,30/04/2013,N/A,N/A
MYBDI0813134,0.00,DI081313,PLSA 0% 31.10.2013 SN,PLSA,IBONDS,31/10/2008,31/10/2013,N/A,N/A
MYBDI0900022,50000000.00,DI090002,OWC 6.80% 20.02.2014 (Tranche 2),OWC,IBONDS,20/02/2009,20/02/2014,AA-_*I_*S,N/A
MYBDI0900212,1700000.00,DI090021,OWC 0% 20.08.2013 SN,OWC,IBONDS,20/02/2009,20/08/2013,AA-_*I_*S,N/A
MYBDI0900220,1700000.00,DI090022,OWC 0% 20.02.2014 SN,OWC,IBONDS,20/02/2009,20/02/2014,AA-_*I_*S,N/A
MYBDI0900311,1750000.00,DI090031,OWC 0% 20.08.2013 SN,OWC,IBONDS,20/02/2009,20/08/2013,AA-_*I_*S,N/A
MYBDI0900329,1750000.00,DI090032,OWC 0% 20.02.2014 SN,OWC,IBONDS,20/02/2009,20/02/2014,AA-_*I_*S,N/A
MYBDI0900436,1800000.00,DI090043,OWC 0% 20.08.2013 SN,OWC,IBONDS,20/02/2009,20/08/2013,AA-_*I_*S,N/A
MYBDI0900444,1800000.00,DI090044,OWC 0% 20.02.2014 SN,OWC,IBONDS,20/02/2009,20/02/2014,AA-_*I_*S,N/A
MYBDI0900675,0.00,DI090067,PLSA 0% 31.10.2013 SN,PLSA,IBONDS,30/04/2009,31/10/2013,N/A,N/A
MYBDI0900683,0.00,DI090068,PLSA 0% 30.04.2014 SN,PLSA,IBONDS,30/04/2009,30/04/2014,N/A,N/A
MYBDI0900972,0.00,DI090097,PLSA 0% 31.10.2013 SN,PLSA,IBONDS,30/04/2009,31/10/2013,N/A,N/A
MYBDI0900980,0.00,DI090098,PLSA 0% 30.04.2014 SN,PLSA,IBONDS,30/04/2009,30/04/2014,N/A,N/A
MYBDI0901269,0.00,DI090126,PLSA 0% 31.10.2013 SN,PLSA,IBONDS,30/04/2009,31/10/2013,N/A,N/A
MYBDI0901277,0.00,DI090127,PLSA 0% 30.04.2014 SN,PLSA,IBONDS,30/04/2009,30/04/2014,N/A,N/A
MYBDI0901509,0.00,DI090150,TALAM CORP 2% 27.12.2013 SN,TALAM CORP,IBONDS,29/06/2009,27/12/2013,N/A,N/A
MYBDI0901517,0.00,DI090151,TALAM CORP 2% 27.06.2014 SN,TALAM CORP,IBONDS,29/06/2009,27/06/2014,N/A,N/A
MYBDI0902119,0.00,DI090211,PLSA 0% 30.04.2014 SN,PLSA,IBONDS,30/10/2009,30/04/2014,N/A,N/A
MYBDI0902127,0.00,DI090212,PLSA 0% 31.10.2014 SN,PLSA,IBONDS,30/10/2009,31/10/2014,N/A,N/A
MYBDI0902374,0.00,DI090237,PLSA 0% 30.04.2014 SN,PLSA,IBONDS,30/10/2009,30/04/2014,N/A,N/A
MYBDI0902382,0.00,DI090238,PLSA 0% 31.10.2014 SN,PLSA,IBONDS,30/10/2009,31/10/2014,N/A,N/A
MYBDI1500110,0.00,DI150011,ISLAM 0% 22.10.2019 SN,ISLAM,IBONDS,22/04/2015,22/10/2019,N/A,N/A
MYBDI1500128,0.00,DI150012,ISLAM 0% 22.04.2020 SN,ISLAM,IBONDS,22/04/2015,22/04/2020,N/A,N/A
MYBDI97152S0,125000000.00,DI97152S,HUALON 0.000% 14.10.2002 PN,HUALON,IBONDS,15/10/1997,14/10/2002,N/A,N/A
MYBDI98001W0,15000000.00,DI98001W,HUALON 0.000% 04.01.2003 PN,HUALON,IBONDS,05/01/1998,04/01/2003,N/A,C3
MYBDJ0213598,0.00,DJ021359,GDC PUTRA 0.00000% 04.06.2008 SN,GDC PUTRA,IBONDS,04/12/2002,04/06/2008,N/A,N/A
MYBDJ0213606,0.00,DJ021360,GDC PUTRA 0.00000% 04.12.2008 SN,GDC PUTRA,IBONDS,04/12/2002,04/12/2008,N/A,N/A
MYBDJ04725W6,5000000.00,DJ04725W,PSSB SHIP 0.00000% 15.12.2010,PSSB SHIP,IBONDS,15/12/2004,15/12/2010,AA-_*I_*D,N/A
MYBDJ04736F8,357500.00,DJ04736F,PSSB SHIP 0.00000% 15.06.2010 SN,PSSB SHIP,IBONDS,15/12/2004,15/06/2010,AA-_*I_*D,N/A
MYBDJ04737Z4,357500.00,DJ04737Z,PSSB SHIP 0.00000% 15.12.2010 SN,PSSB SHIP,IBONDS,15/12/2004,15/12/2010,AA-_*I_*D,N/A
MYBDJ04750S2,172500.00,DJ04750S,PSSB SHIP 0.00000% 15.06.2010 SN,PSSB SHIP,IBONDS,15/12/2004,15/06/2010,AA-_*I_*D,N/A
MYBDJ04751H3,172500.00,DJ04751H,PSSB SHIP 0.00000% 15.12.2010 SN,PSSB SHIP,IBONDS,15/12/2004,15/12/2010,AA-_*I_*D,N/A
MYBDJ0516495,48134377.61,DJ051649,MTSB 0% 28.10.2010,MTSB,IBONDS,28/10/2005,28/10/2010,N/A,A2
MYBDJ0516636,3697810.20,DJ051663,MTSB 0% 28.10.2010 SN,MTSB,IBONDS,28/10/2005,28/10/2010,N/A,A2
MYBDJ0516644,3697810.20,DJ051664,MTSB 0% 28.04.2011 SN,MTSB,IBONDS,28/10/2005,28/04/2011,N/A,A2
MYBDJ0516776,3549510.44,DJ051677,MTSB 0% 28.10.2010 SN,MTSB,IBONDS,28/10/2005,28/10/2010,N/A,A2
MYBDJ0516784,3468709.32,DJ051678,MTSB 0% 28.04.2011 SN,MTSB,IBONDS,28/10/2005,28/04/2011,N/A,A2
MYBDJ0516891,2805863.18,DJ051689,MTSB 0% 28.10.2010 SN,MTSB,IBONDS,28/10/2005,28/10/2010,N/A,A2
MYBDJ0519473,0.00,DJ051947,SDEB 0% 09.06.2011 SN,SDEB,IBONDS,09/12/2005,09/06/2011,N/A,N/A
MYBDJ0519481,0.00,DJ051948,SDEB 0% 09.12.2011 SN,SDEB,IBONDS,09/12/2005,09/12/2011,N/A,N/A
MYBDJ0522204,0.00,DJ052220,SDEB 0% 09.06.2011 SN,SDEB,IBONDS,09/12/2005,09/06/2011,N/A,N/A
MYBDJ0522212,0.00,DJ052221,SDEB 0% 09.12.2011 SN,SDEB,IBONDS,09/12/2005,09/12/2011,N/A,N/A
MYBDJ0522550,0.00,DJ052255,SDEB 0% 09.06.2011 SN,SDEB,IBONDS,09/12/2005,09/06/2011,N/A,N/A
MYBDJ0522568,0.00,DJ052256,SDEB 0% 09.12.2011 SN,SDEB,IBONDS,09/12/2005,09/12/2011,N/A,N/A
MYBDJ0522899,0.00,DJ052289,SDEB 0% 09.06.2011 SN,SDEB,IBONDS,09/12/2005,09/06/2011,N/A,N/A
MYBDJ0522907,0.00,DJ052290,SDEB 0% 09.12.2011 SN,SDEB,IBONDS,09/12/2005,09/12/2011,N/A,N/A
MYBDJ0523228,0.00,DJ052322,SDEB 0% 09.06.2011 SN,SDEB,IBONDS,09/12/2005,09/06/2011,N/A,N/A
MYBDJ0523236,0.00,DJ052323,SDEB 0% 09.12.2011 SN,SDEB,IBONDS,09/12/2005,09/12/2011,N/A,N/A
MYBDJ0523541,0.00,DJ052354,SDEB 0% 09.06.2011 SN,SDEB,IBONDS,09/12/2005,09/06/2011,N/A,N/A
MYBDJ0523558,0.00,DJ052355,SDEB 0% 09.12.2011 SN,SDEB,IBONDS,09/12/2005,09/12/2011,N/A,N/A
MYBDJ0523855,0.00,DJ052385,SDEB 0% 09.06.2011 SN,SDEB,IBONDS,09/12/2005,09/06/2011,N/A,N/A
MYBDJ0523863,0.00,DJ052386,SDEB 0% 09.12.2011 SN,SDEB,IBONDS,09/12/2005,09/12/2011,N/A,N/A
MYBDJ0524226,0.00,DJ052422,SDEB 0% 09.06.2011 SN,SDEB,IBONDS,09/12/2005,09/06/2011,N/A,N/A
MYBDJ0524234,0.00,DJ052423,SDEB 0% 09.12.2011 SN,SDEB,IBONDS,09/12/2005,09/12/2011,N/A,N/A
MYBDJ0528789,0.00,DJ052878,SPRINT 0% 29.06.2011 SN,SPRINT,IBONDS,29/12/2005,29/06/2011,N/A,N/A
MYBDJ0528797,0.00,DJ052879,SPRINT 0% 29.12.2011 SN,SPRINT,IBONDS,29/12/2005,29/12/2011,N/A,N/A
MYBDJ0605868,0.00,DJ060586,ZECON TOLL 0% 16.01.2012 SN,ZECON TOLL,IBONDS,14/07/2006,16/01/2012,N/A,N/A
MYBDJ0605876,0.00,DJ060587,ZECON TOLL 0% 16.07.2012 SN,ZECON TOLL,IBONDS,14/07/2006,16/07/2012,N/A,N/A
MYBDJ0800113,0.00,DJ080011,MANFAAT 0% 25.07.2013 SN,MANFAAT,IBONDS,25/01/2008,25/07/2013,N/A,N/A
MYBDJ0800121,0.00,DJ080012,MANFAAT 0% 27.01.2014 SN,MANFAAT,IBONDS,25/01/2008,27/01/2014,N/A,N/A
MYBDJ0800642,0.00,DJ080064,PIYS 0% 31.07.2013 SN,PIYS,IBONDS,31/01/2008,31/07/2013,N/A,N/A
MYBDJ0800659,0.00,DJ080065,PIYS 0% 31.01.2014 SN,PIYS,IBONDS,31/01/2008,31/01/2014,N/A,N/A
MYBDJ0800923,0.00,DJ080092,PIYS 0% 31.07.2013 SN,PIYS,IBONDS,31/01/2008,31/07/2013,N/A,N/A
MYBDJ0800931,0.00,DJ080093,PIYS 0% 31.01.2014 SN,PIYS,IBONDS,31/01/2008,31/01/2014,N/A,N/A
MYBDJ0804495,0.00,DJ080449,PRASARANA 0% 29.11.2013 SN,PRASARANA,IBONDS,30/05/2008,29/11/2013,N/A,N/A
MYBDJ0804503,0.00,DJ080450,PRASARANA 0% 30.05.2014 SN,PRASARANA,IBONDS,30/05/2008,30/05/2014,N/A,N/A
MYBDJ0811011,0.00,DJ081101,PLSA 0% 30.04.2014 SN,PLSA,IBONDS,31/10/2008,30/04/2014,N/A,N/A
MYBDJ0811029,0.00,DJ081102,PLSA 0% 31.10.2014 SN,PLSA,IBONDS,31/10/2008,31/10/2014,N/A,N/A
MYBDJ0811391,0.00,DJ081139,PLSA 0% 30.04.2014 SN,PLSA,IBONDS,31/10/2008,30/04/2014,N/A,N/A
MYBDJ0811409,0.00,DJ081140,PLSA 0% 31.10.2014 SN,PLSA,IBONDS,31/10/2008,31/10/2014,N/A,N/A
MYBDJ0811763,0.00,DJ081176,PLSA 0% 30.04.2014 SN,PLSA,IBONDS,31/10/2008,30/04/2014,N/A,N/A
MYBDJ0811771,0.00,DJ081177,PLSA 0% 31.10.2014 SN,PLSA,IBONDS,31/10/2008,31/10/2014,N/A,N/A
MYBDJ0812126,0.00,DJ081212,PLSA 0% 30.04.2014 SN,PLSA,IBONDS,31/10/2008,30/04/2014,N/A,N/A
MYBDJ0812134,0.00,DJ081213,PLSA 0% 31.10.2014 SN,PLSA,IBONDS,31/10/2008,31/10/2014,N/A,N/A
MYBDJ0812472,0.00,DJ081247,PLSA 0% 30.04.2014 SN,PLSA,IBONDS,31/10/2008,30/04/2014,N/A,N/A
MYBDJ0812480,0.00,DJ081248,PLSA 0% 31.10.2014 SN,PLSA,IBONDS,31/10/2008,31/10/2014,N/A,N/A
MYBDJ0812811,0.00,DJ081281,PLSA 0% 30.04.2014 SN,PLSA,IBONDS,31/10/2008,30/04/2014,N/A,N/A
MYBDJ0812829,0.00,DJ081282,PLSA 0% 31.10.2014 SN,PLSA,IBONDS,31/10/2008,31/10/2014,N/A,N/A
MYBDJ0813140,0.00,DJ081314,PLSA 0% 30.04.2014 SN,PLSA,IBONDS,31/10/2008,30/04/2014,N/A,N/A
MYBDJ0813157,0.00,DJ081315,PLSA 0% 31.10.2014 SN,PLSA,IBONDS,31/10/2008,31/10/2014,N/A,N/A
MYBDJ0900038,50000000.00,DJ090003,OWC 7.00% 20.02.2015 (Tranche 3),OWC,IBONDS,20/02/2009,20/02/2015,AA-_*I_*S,N/A
MYBDJ0900335,1750000.00,DJ090033,OWC 0% 20.08.2014 SN,OWC,IBONDS,20/02/2009,20/08/2014,AA-_*I_*S,N/A
MYBDJ0900343,1750000.00,DJ090034,OWC 0% 20.02.2015 SN,OWC,IBONDS,20/02/2009,20/02/2015,AA-_*I_*S,N/A
MYBDJ0900459,1800000.00,DJ090045,OWC 0% 20.08.2014 SN,OWC,IBONDS,20/02/2009,20/08/2014,AA-_*I_*S,N/A
MYBDJ0900467,1800000.00,DJ090046,OWC 0% 20.02.2015 SN,OWC,IBONDS,20/02/2009,20/02/2015,AA-_*I_*S,N/A
MYBDJ0900699,0.00,DJ090069,PLSA 0% 31.10.2014 SN,PLSA,IBONDS,30/04/2009,31/10/2014,N/A,N/A
MYBDJ0900707,0.00,DJ090070,PLSA 0% 30.04.2015 SN,PLSA,IBONDS,30/04/2009,30/04/2015,N/A,N/A
MYBDJ0900996,0.00,DJ090099,PLSA 0% 31.10.2014 SN,PLSA,IBONDS,30/04/2009,31/10/2014,N/A,N/A
MYBDJ0901002,0.00,DJ090100,PLSA 0% 30.04.2015 SN,PLSA,IBONDS,30/04/2009,30/04/2015,N/A,N/A
MYBDJ0901283,0.00,DJ090128,PLSA 0% 31.10.2014 SN,PLSA,IBONDS,30/04/2009,31/10/2014,N/A,N/A
MYBDJ0901291,0.00,DJ090129,PLSA 0% 30.04.2015 SN,PLSA,IBONDS,30/04/2009,30/04/2015,N/A,N/A
MYBDJ0901523,0.00,DJ090152,TALAM CORP 6% 29.12.2014 SN,TALAM CORP,IBONDS,29/06/2009,29/12/2014,N/A,N/A
MYBDJ0901531,0.00,DJ090153,TALAM CORP 6% 29.06.2015 SN,TALAM CORP,IBONDS,29/06/2009,29/06/2015,N/A,N/A
MYBDJ0902133,0.00,DJ090213,PLSA 0% 30.04.2015 SN,PLSA,IBONDS,30/10/2009,30/04/2015,N/A,N/A
MYBDJ0902141,0.00,DJ090214,PLSA 0% 30.10.2015 SN,PLSA,IBONDS,30/10/2009,30/10/2015,N/A,N/A
MYBDJ0902398,0.00,DJ090239,PLSA 0% 30.04.2015 SN,PLSA,IBONDS,30/10/2009,30/04/2015,N/A,N/A
MYBDJ0902406,0.00,DJ090240,PLSA 0% 30.10.2015 SN,PLSA,IBONDS,30/10/2009,30/10/2015,N/A,N/A
MYBDJ1400038,10000000.00,DJ140003,UNITAPAH 5.17% Series 10 11.12.2020,UNITAPAH,IBONDS,12/12/2014,11/12/2020,N/A,AA2
MYBDJ1500134,0.00,DJ150013,ISLAM 0% 22.10.2020 SN,ISLAM,IBONDS,22/04/2015,22/10/2020,N/A,N/A
MYBDJ1500142,0.00,DJ150014,ISLAM 0% 22.04.2021 SN,ISLAM,IBONDS,22/04/2015,22/04/2021,N/A,N/A
MYBDK0213612,0.00,DK021361,GDC PUTRA 0.00000% 04.06.2009 SN,GDC PUTRA,IBONDS,04/12/2002,04/06/2009,N/A,N/A
MYBDK0213620,0.00,DK021362,GDC PUTRA 0.00000% 04.12.2009 SN,GDC PUTRA,IBONDS,04/12/2002,04/12/2009,N/A,N/A
MYBDK03222E0,404364527.00,DK03222E,LION CORP RM717.37M 'B' BONDS 31.12.2009,LION CORP,BONDS,14/03/2003,31/12/2031,N/A,N/A
MYBDK04721E0,10000000.00,DK04721E,PSSB SHIP 0.00000% 15.12.2011,PSSB SHIP,IBONDS,15/12/2004,15/12/2011,AA-_*I_*D,N/A
MYBDK04738E4,357500.00,DK04738E,PSSB SHIP 0.00000% 15.06.2011 SN,PSSB SHIP,IBONDS,15/12/2004,15/06/2011,AA-_*I_*D,N/A
MYBDK04739F9,357500.00,DK04739F,PSSB SHIP 0.00000% 15.12.2011 SN,PSSB SHIP,IBONDS,15/12/2004,15/12/2011,AA-_*I_*D,N/A
MYBDK0516477,56156773.89,DK051647,MTSB 0% 26.10.2012,MTSB,IBONDS,28/10/2005,26/10/2012,N/A,A2
MYBDK0516485,56156773.88,DK051648,MTSB 0% 28.10.2011,MTSB,IBONDS,28/10/2005,28/10/2011,N/A,A2
MYBDK0516659,3697810.20,DK051665,MTSB 0% 28.10.2011 SN,MTSB,IBONDS,28/10/2005,28/10/2011,N/A,A2
MYBDK0516667,3725962.63,DK051666,MTSB 0% 27.04.2012 SN,MTSB,IBONDS,28/10/2005,27/04/2012,N/A,A2
MYBDK0516675,3725962.63,DK051667,MTSB 0% 26.10.2012 SN,MTSB,IBONDS,28/10/2005,26/10/2012,N/A,A2
MYBDK0516790,3468709.32,DK051679,MTSB 0% 28.10.2011 SN,MTSB,IBONDS,28/10/2005,28/10/2011,N/A,A2
MYBDK0519497,0.00,DK051949,SDEB 0% 11.06.2012 SN,SDEB,IBONDS,09/12/2005,11/06/2012,N/A,N/A
MYBDK0522228,0.00,DK052222,SDEB 0% 11.06.2012 SN,SDEB,IBONDS,09/12/2005,11/06/2012,N/A,N/A
MYBDK0522574,0.00,DK052257,SDEB 0% 11.06.2012 SN,SDEB,IBONDS,09/12/2005,11/06/2012,N/A,N/A
MYBDK0522913,0.00,DK052291,SDEB 0% 11.06.2012 SN,SDEB,IBONDS,09/12/2005,11/06/2012,N/A,N/A
MYBDK0523242,0.00,DK052324,SDEB 0% 11.06.2012 SN,SDEB,IBONDS,09/12/2005,11/06/2012,N/A,N/A
MYBDK0523564,0.00,DK052356,SDEB 0% 11.06.2012 SN,SDEB,IBONDS,09/12/2005,11/06/2012,N/A,N/A
MYBDK0523879,0.00,DK052387,SDEB 0% 11.06.2012 SN,SDEB,IBONDS,09/12/2005,11/06/2012,N/A,N/A
MYBDK0524240,0.00,DK052424,SDEB 0% 11.06.2012 SN,SDEB,IBONDS,09/12/2005,11/06/2012,N/A,N/A
MYBDK0528803,0.00,DK052880,SPRINT 0% 29.06.2012 SN,SPRINT,IBONDS,29/12/2005,29/06/2012,N/A,N/A
MYBDK0528811,0.00,DK052881,SPRINT 0% 28.12.2012 SN,SPRINT,IBONDS,29/12/2005,28/12/2012,N/A,N/A
MYBDK0605882,0.00,DK060588,ZECON TOLL 0% 14.01.2013 SN,ZECON TOLL,IBONDS,14/07/2006,14/01/2013,N/A,N/A
MYBDK0605890,0.00,DK060589,ZECON TOLL 0% 15.07.2013 SN,ZECON TOLL,IBONDS,14/07/2006,15/07/2013,N/A,N/A
MYBDK0800137,0.00,DK080013,MANFAAT 0% 25.07.2014 SN,MANFAAT,IBONDS,25/01/2008,25/07/2014,N/A,N/A
MYBDK0800145,0.00,DK080014,MANFAAT 0% 26.01.2015 SN,MANFAAT,IBONDS,25/01/2008,26/01/2015,N/A,N/A
MYBDK0800665,0.00,DK080066,PIYS 0% 31.07.2014 SN,PIYS,IBONDS,31/01/2008,31/07/2014,N/A,N/A
MYBDK0800673,0.00,DK080067,PIYS 0% 30.01.2015 SN,PIYS,IBONDS,31/01/2008,30/01/2015,N/A,N/A
MYBDK0800947,0.00,DK080094,PIYS 0% 31.07.2014 SN,PIYS,IBONDS,31/01/2008,31/07/2014,N/A,N/A
MYBDK0800954,0.00,DK080095,PIYS 0% 30.01.2015 SN,PIYS,IBONDS,31/01/2008,30/01/2015,N/A,N/A
MYBDK0804519,0.00,DK080451,PRASARANA 0% 28.11.2014 SN,PRASARANA,IBONDS,30/05/2008,28/11/2014,N/A,N/A
MYBDK0804527,0.00,DK080452,PRASARANA 0% 29.05.2015 SN,PRASARANA,IBONDS,30/05/2008,29/05/2015,N/A,N/A
MYBDK0811035,0.00,DK081103,PLSA 0% 30.04.2015 SN,PLSA,IBONDS,31/10/2008,30/04/2015,N/A,N/A
MYBDK0811043,0.00,DK081104,PLSA 0% 30.10.2015 SN,PLSA,IBONDS,31/10/2008,30/10/2015,N/A,N/A
MYBDK0811415,0.00,DK081141,PLSA 0% 30.04.2015 SN,PLSA,IBONDS,31/10/2008,30/04/2015,N/A,N/A
MYBDK0811423,0.00,DK081142,PLSA 0% 30.10.2015 SN,PLSA,IBONDS,31/10/2008,30/10/2015,N/A,N/A
MYBDK0811787,0.00,DK081178,PLSA 0% 30.04.2015 SN,PLSA,IBONDS,31/10/2008,30/04/2015,N/A,N/A
MYBDK0811795,0.00,DK081179,PLSA 0% 30.10.2015 SN,PLSA,IBONDS,31/10/2008,30/10/2015,N/A,N/A
MYBDK0812140,0.00,DK081214,PLSA 0% 30.04.2015 SN,PLSA,IBONDS,31/10/2008,30/04/2015,N/A,N/A
MYBDK0812157,0.00,DK081215,PLSA 0% 30.10.2015 SN,PLSA,IBONDS,31/10/2008,30/10/2015,N/A,N/A
MYBDK0812496,0.00,DK081249,PLSA 0% 30.04.2015 SN,PLSA,IBONDS,31/10/2008,30/04/2015,N/A,N/A
MYBDK0812504,0.00,DK081250,PLSA 0% 30.10.2015 SN,PLSA,IBONDS,31/10/2008,30/10/2015,N/A,N/A
MYBDK0812835,0.00,DK081283,PLSA 0% 30.04.2015 SN,PLSA,IBONDS,31/10/2008,30/04/2015,N/A,N/A
MYBDK0812843,0.00,DK081284,PLSA 0% 30.10.2015 SN,PLSA,IBONDS,31/10/2008,30/10/2015,N/A,N/A
MYBDK0813163,0.00,DK081316,PLSA 0% 30.04.2015 SN,PLSA,IBONDS,31/10/2008,30/04/2015,N/A,N/A
MYBDK0813171,0.00,DK081317,PLSA 0% 30.10.2015 SN,PLSA,IBONDS,31/10/2008,30/10/2015,N/A,N/A
MYBDK0900044,50000000.00,DK090004,OWC 7.20% 19.02.2016 (Tranche 4),OWC,IBONDS,20/02/2009,19/02/2016,AA-_*I_*S,N/A
MYBDK0900473,1800000.00,DK090047,OWC 0% 20.08.2015 SN,OWC,IBONDS,20/02/2009,20/08/2015,AA-_*I_*S,N/A
MYBDK0900481,1800000.00,DK090048,OWC 0% 19.02.2016 SN,OWC,IBONDS,20/02/2009,19/02/2016,AA-_*I_*S,N/A
MYBDK0900713,0.00,DK090071,PLSA 0% 30.10.2015 SN,PLSA,IBONDS,30/04/2009,30/10/2015,N/A,N/A
MYBDK0900721,0.00,DK090072,PLSA 0% 29.04.2016 SN,PLSA,IBONDS,30/04/2009,29/04/2016,N/A,N/A
MYBDK0901018,0.00,DK090101,PLSA 0% 30.10.2015 SN,PLSA,IBONDS,30/04/2009,30/10/2015,N/A,N/A
MYBDK0901026,0.00,DK090102,PLSA 0% 29.04.2016 SN,PLSA,IBONDS,30/04/2009,29/04/2016,N/A,N/A
MYBDK0901307,0.00,DK090130,PLSA 0% 30.10.2015 SN,PLSA,IBONDS,30/04/2009,30/10/2015,N/A,N/A
MYBDK0901315,0.00,DK090131,PLSA 0% 29.04.2016 SN,PLSA,IBONDS,30/04/2009,29/04/2016,N/A,N/A
MYBDK0901547,0.00,DK090154,TALAM CORP 6% 29.12.2015 SN,TALAM CORP,IBONDS,29/06/2009,29/12/2015,N/A,N/A
MYBDK0901554,0.00,DK090155,TALAM CORP 6% 29.06.2016 SN,TALAM CORP,IBONDS,29/06/2009,29/06/2016,N/A,N/A
MYBDK0902156,0.00,DK090215,PLSA 0% 29.04.2016 SN,PLSA,IBONDS,30/10/2009,29/04/2016,N/A,N/A
MYBDK0902164,0.00,DK090216,PLSA 0% 31.10.2016 SN,PLSA,IBONDS,30/10/2009,31/10/2016,N/A,N/A
MYBDK0902412,0.00,DK090241,PLSA 0% 29.04.2016 SN,PLSA,IBONDS,30/10/2009,29/04/2016,N/A,N/A
MYBDK0902420,0.00,DK090242,PLSA 0% 31.10.2016 SN,PLSA,IBONDS,30/10/2009,31/10/2016,N/A,N/A
MYBDK1400010,1300000000.00,DK140001,KHAZANAH 0% 24.02.2021,KHAZANAH,IBONDS,24/02/2014,24/02/2021,N/A,N/A
MYBDK1400374,10000000.00,DK140037,UNITAPAH 5.28% Series 12 10.12.2021,UNITAPAH,IBONDS,12/12/2014,10/12/2021,N/A,AA2
MYBDK1400382,15000000.00,DK140038,UNITAPAH 5.23% Series 11 11.06.2021,UNITAPAH,IBONDS,12/12/2014,11/06/2021,N/A,AA2
MYBDK1500157,0.00,DK150015,ISLAM 0% 22.10.2021 SN,ISLAM,IBONDS,22/04/2015,22/10/2021,N/A,N/A
MYBDK1500165,0.00,DK150016,ISLAM 0% 22.04.2022 SN,ISLAM,IBONDS,22/04/2015,22/04/2022,N/A,N/A
MYBDK97083S0,103000000.00,DK97083S,HUALON BHD 0.000% 02.09.2004 PN,HUALON,IBONDS,03/09/1997,02/09/2004,N/A,C3
MYBDK98003S0,4000000.00,DK98003S,HUALON 0.000% 02.01.2005 PN,HUALON,IBONDS,02/01/1998,02/01/2005,N/A,C3
MYBDL0213636,0.00,DL021363,GDC PUTRA 0.00000% 04.06.2010 SN,GDC PUTRA,IBONDS,04/12/2002,04/06/2010,N/A,N/A
MYBDL0213644,0.00,DL021364,GDC PUTRA 0.00000% 03.12.2010 SN,GDC PUTRA,IBONDS,04/12/2002,03/12/2010,N/A,N/A
MYBDL03212H3,65194612.00,DL03212H,ACB RM424.23M "B" BONDS 31.12.2010,ACB,BONDS,14/03/2003,31/12/2010,N/A,N/A
MYBDL03213T6,397044.00,DL03213T,ACB RM53.525M "B" BONDS 31.12.2010,ACB,BONDS,14/03/2003,31/12/2010,N/A,N/A
MYBDL0519503,0.00,DL051950,SDEB 0% 10.12.2012 SN,SDEB,IBONDS,09/12/2005,10/12/2012,N/A,N/A
MYBDL0519511,0.00,DL051951,SDEB 0% 10.06.2013 SN,SDEB,IBONDS,09/12/2005,10/06/2013,N/A,N/A
MYBDL0522234,0.00,DL052223,SDEB 0% 10.12.2012 SN,SDEB,IBONDS,09/12/2005,10/12/2012,N/A,N/A
MYBDL0522242,0.00,DL052224,SDEB 0% 10.06.2013 SN,SDEB,IBONDS,09/12/2005,10/06/2013,N/A,N/A
MYBDL0522580,0.00,DL052258,SDEB 0% 10.12.2012 SN,SDEB,IBONDS,09/12/2005,10/12/2012,N/A,N/A
MYBDL0522598,0.00,DL052259,SDEB 0% 10.06.2013 SN,SDEB,IBONDS,09/12/2005,10/06/2013,N/A,N/A
MYBDL0522929,0.00,DL052292,SDEB 0% 10.12.2012 SN,SDEB,IBONDS,09/12/2005,10/12/2012,N/A,N/A
MYBDL0522937,0.00,DL052293,SDEB 0% 10.06.2013 SN,SDEB,IBONDS,09/12/2005,10/06/2013,N/A,N/A
MYBDL0523257,0.00,DL052325,SDEB 0% 10.12.2012 SN,SDEB,IBONDS,09/12/2005,10/12/2012,N/A,N/A
MYBDL0523265,0.00,DL052326,SDEB 0% 10.06.2013 SN,SDEB,IBONDS,09/12/2005,10/06/2013,N/A,N/A
MYBDL0523570,0.00,DL052357,SDEB 0% 10.12.2012 SN,SDEB,IBONDS,09/12/2005,10/12/2012,N/A,N/A
MYBDL0523588,0.00,DL052358,SDEB 0% 10.06.2013 SN,SDEB,IBONDS,09/12/2005,10/06/2013,N/A,N/A
MYBDL0523885,0.00,DL052388,SDEB 0% 10.12.2012 SN,SDEB,IBONDS,09/12/2005,10/12/2012,N/A,N/A
MYBDL0523893,0.00,DL052389,SDEB 0% 10.06.2013 SN,SDEB,IBONDS,09/12/2005,10/06/2013,N/A,N/A
MYBDL0524255,0.00,DL052425,SDEB 0% 10.12.2012 SN,SDEB,IBONDS,09/12/2005,10/12/2012,N/A,N/A
MYBDL0524263,0.00,DL052426,SDEB 0% 10.06.2013 SN,SDEB,IBONDS,09/12/2005,10/06/2013,N/A,N/A
MYBDL0528827,0.00,DL052882,SPRINT 0% 28.06.2013 SN,SPRINT,IBONDS,29/12/2005,28/06/2013,N/A,N/A
MYBDL0528835,0.00,DL052883,SPRINT 0% 27.12.2013 SN,SPRINT,IBONDS,29/12/2005,27/12/2013,N/A,N/A
MYBDL0605906,0.00,DL060590,ZECON TOLL 0% 14.01.2014 SN,ZECON TOLL,IBONDS,14/07/2006,14/01/2014,N/A,N/A
MYBDL0605914,0.00,DL060591,ZECON TOLL 0% 14.07.2014 SN,ZECON TOLL,IBONDS,14/07/2006,14/07/2014,N/A,N/A
MYBDL0800150,0.00,DL080015,MANFAAT 0% 27.07.2015 SN,MANFAAT,IBONDS,25/01/2008,27/07/2015,N/A,N/A
MYBDL0800168,0.00,DL080016,MANFAAT 0% 25.01.2016 SN,MANFAAT,IBONDS,25/01/2008,25/01/2016,N/A,N/A
MYBDL0800689,0.00,DL080068,PIYS 0% 31.07.2015 SN,PIYS,IBONDS,31/01/2008,31/07/2015,N/A,N/A
MYBDL0800697,0.00,DL080069,PIYS 0% 29.01.2016 SN,PIYS,IBONDS,31/01/2008,29/01/2016,N/A,N/A
MYBDL0800960,0.00,DL080096,PIYS 0% 31.07.2015 SN,PIYS,IBONDS,31/01/2008,31/07/2015,N/A,N/A
MYBDL0800978,0.00,DL080097,PIYS 0% 29.01.2016 SN,PIYS,IBONDS,31/01/2008,29/01/2016,N/A,N/A
MYBDL0804533,0.00,DL080453,PRASARANA 0% 30.11.2015 SN,PRASARANA,IBONDS,30/05/2008,30/11/2015,N/A,N/A
MYBDL0804541,0.00,DL080454,PRASARANA 0% 30.05.2016 SN,PRASARANA,IBONDS,30/05/2008,30/05/2016,N/A,N/A
MYBDL0811058,0.00,DL081105,PLSA 0% 29.04.2016 SN,PLSA,IBONDS,31/10/2008,29/04/2016,N/A,N/A
MYBDL0811066,0.00,DL081106,PLSA 0% 31.10.2016 SN,PLSA,IBONDS,31/10/2008,31/10/2016,N/A,N/A
MYBDL0811439,0.00,DL081143,PLSA 0% 29.04.2016 SN,PLSA,IBONDS,31/10/2008,29/04/2016,N/A,N/A
MYBDL0811447,0.00,DL081144,PLSA 0% 31.10.2016 SN,PLSA,IBONDS,31/10/2008,31/10/2016,N/A,N/A
MYBDL0811801,0.00,DL081180,PLSA 0% 29.04.2016 SN,PLSA,IBONDS,31/10/2008,29/04/2016,N/A,N/A
MYBDL0811819,0.00,DL081181,PLSA 0% 31.10.2016 SN,PLSA,IBONDS,31/10/2008,31/10/2016,N/A,N/A
MYBDL0812163,0.00,DL081216,PLSA 0% 29.04.2016 SN,PLSA,IBONDS,31/10/2008,29/04/2016,N/A,N/A
MYBDL0812171,0.00,DL081217,PLSA 0% 31.10.2016 SN,PLSA,IBONDS,31/10/2008,31/10/2016,N/A,N/A
MYBDL0812510,0.00,DL081251,PLSA 0% 29.04.2016 SN,PLSA,IBONDS,31/10/2008,29/04/2016,N/A,N/A
MYBDL0812528,0.00,DL081252,PLSA 0% 31.10.2016 SN,PLSA,IBONDS,31/10/2008,31/10/2016,N/A,N/A
MYBDL0812858,0.00,DL081285,PLSA 0% 29.04.2016 SN,PLSA,IBONDS,31/10/2008,29/04/2016,N/A,N/A
MYBDL0812866,0.00,DL081286,PLSA 0% 31.10.2016 SN,PLSA,IBONDS,31/10/2008,31/10/2016,N/A,N/A
MYBDL0813187,0.00,DL081318,PLSA 0% 29.04.2016 SN,PLSA,IBONDS,31/10/2008,29/04/2016,N/A,N/A
MYBDL0813195,0.00,DL081319,PLSA 0% 31.10.2016 SN,PLSA,IBONDS,31/10/2008,31/10/2016,N/A,N/A
MYBDL0900737,0.00,DL090073,PLSA 0% 31.10.2016 SN,PLSA,IBONDS,30/04/2009,31/10/2016,N/A,N/A
MYBDL0900745,0.00,DL090074,PLSA 0% 28.04.2017 SN,PLSA,IBONDS,30/04/2009,28/04/2017,N/A,N/A
MYBDL0901032,0.00,DL090103,PLSA 0% 31.10.2016 SN,PLSA,IBONDS,30/04/2009,31/10/2016,N/A,N/A
MYBDL0901040,0.00,DL090104,PLSA 0% 28.04.2017 SN,PLSA,IBONDS,30/04/2009,28/04/2017,N/A,N/A
MYBDL0901321,0.00,DL090132,PLSA 0% 31.10.2016 SN,PLSA,IBONDS,30/04/2009,31/10/2016,N/A,N/A
MYBDL0901339,0.00,DL090133,PLSA 0% 28.04.2017 SN,PLSA,IBONDS,30/04/2009,28/04/2017,N/A,N/A
MYBDL0901560,0.00,DL090156,TALAM CORP 6% 29.12.2016 SN,TALAM CORP,IBONDS,29/06/2009,29/12/2016,N/A,N/A
MYBDL0901578,0.00,DL090157,TALAM CORP 6% 29.06.2017 SN,TALAM CORP,IBONDS,29/06/2009,29/06/2017,N/A,N/A
MYBDL0902170,0.00,DL090217,PLSA 0% 28.04.2017 SN,PLSA,IBONDS,30/10/2009,28/04/2017,N/A,N/A
MYBDL0902188,0.00,DL090218,PLSA 0% 31.10.2017 SN,PLSA,IBONDS,30/10/2009,31/10/2017,N/A,N/A
MYBDL0902436,0.00,DL090243,PLSA 0% 28.04.2017 SN,PLSA,IBONDS,30/10/2009,28/04/2017,N/A,N/A
MYBDL0902444,0.00,DL090244,PLSA 0% 31.10.2017 SN,PLSA,IBONDS,30/10/2009,31/10/2017,N/A,N/A
MYBDL1300036,1000000000.00,DL130003,KHAZANAH 0% 08.03.2021,KHAZANAH,IBONDS,08/03/2013,08/03/2021,N/A,N/A
MYBDL1400356,15000000.00,DL140035,UNITAPAH 5.39% Series 14 12.12.2022,UNITAPAH,IBONDS,12/12/2014,12/12/2022,N/A,AA2
MYBDL1400364,10000000.00,DL140036,UNITAPAH 5.34% Series 13 10.06.2022,UNITAPAH,IBONDS,12/12/2014,10/06/2022,N/A,AA2
MYBDL1500171,0.00,DL150017,ISLAM 0% 24.10.2022 SN,ISLAM,IBONDS,22/04/2015,24/10/2022,N/A,N/A
MYBDL1500189,0.00,DL150018,ISLAM 0% 24.04.2023 SN,ISLAM,IBONDS,22/04/2015,24/04/2023,N/A,N/A
MYBDM0213659,0.00,DM021365,GDC PUTRA 0.00000% 03.06.2011 SN,GDC PUTRA,IBONDS,04/12/2002,03/06/2011,N/A,N/A
MYBDM0213667,0.00,DM021366,GDC PUTRA 0.00000% 02.12.2011 SN,GDC PUTRA,IBONDS,04/12/2002,02/12/2011,N/A,N/A
MYBDM03214S5,340048996.00,DM03214S,ACB RM340.048M "C" BONDS 30.12.2011,ACB,BONDS,14/03/2003,30/12/2011,N/A,N/A
MYBDM03223X6,1243840319.00,DM03223X,LION CORP RM2.012B 'B' BONDS 30.12.2011,LION CORP,BONDS,14/03/2003,29/12/2034,N/A,N/A
MYBDM03715X1,14865942.90,DM03715X,ALDWICH 0.00000% 15.08.2012 - A007,ALDWICH,BONDS,15/08/2003,13/08/2010,N/A,AAA
MYBDM03728Z9,3000000.00,DM03728Z,ALDWICH 0.00000% 15.08.2012 - B007,ALDWICH,BONDS,15/08/2003,15/08/2012,N/A,AA2
MYBDM0519527,0.00,DM051952,SDEB 0% 09.12.2013 SN,SDEB,IBONDS,09/12/2005,09/12/2013,N/A,N/A
MYBDM0519535,0.00,DM051953,SDEB 0% 09.06.2014 SN,SDEB,IBONDS,09/12/2005,09/06/2014,N/A,N/A
MYBDM0522257,0.00,DM052225,SDEB 0% 09.12.2013 SN,SDEB,IBONDS,09/12/2005,09/12/2013,N/A,N/A
MYBDM0522265,0.00,DM052226,SDEB 0% 09.06.2014 SN,SDEB,IBONDS,09/12/2005,09/06/2014,N/A,N/A
MYBDM0522604,0.00,DM052260,SDEB 0% 09.12.2013 SN,SDEB,IBONDS,09/12/2005,09/12/2013,N/A,N/A
MYBDM0522612,0.00,DM052261,SDEB 0% 09.06.2014 SN,SDEB,IBONDS,09/12/2005,09/06/2014,N/A,N/A
MYBDM0522943,0.00,DM052294,SDEB 0% 09.12.2013 SN,SDEB,IBONDS,09/12/2005,09/12/2013,N/A,N/A
MYBDM0522950,0.00,DM052295,SDEB 0% 09.06.2014 SN,SDEB,IBONDS,09/12/2005,09/06/2014,N/A,N/A
MYBDM0523271,0.00,DM052327,SDEB 0% 09.12.2013 SN,SDEB,IBONDS,09/12/2005,09/12/2013,N/A,N/A
MYBDM0523289,0.00,DM052328,SDEB 0% 09.06.2014 SN,SDEB,IBONDS,09/12/2005,09/06/2014,N/A,N/A
MYBDM0523594,0.00,DM052359,SDEB 0% 09.12.2013 SN,SDEB,IBONDS,09/12/2005,09/12/2013,N/A,N/A
MYBDM0523602,0.00,DM052360,SDEB 0% 09.06.2014 SN,SDEB,IBONDS,09/12/2005,09/06/2014,N/A,N/A
MYBDM0523909,0.00,DM052390,SDEB 0% 09.12.2013 SN,SDEB,IBONDS,09/12/2005,09/12/2013,N/A,N/A
MYBDM0523917,0.00,DM052391,SDEB 0% 09.06.2014 SN,SDEB,IBONDS,09/12/2005,09/06/2014,N/A,N/A
MYBDM0524279,0.00,DM052427,SDEB 0% 09.12.2013 SN,SDEB,IBONDS,09/12/2005,09/12/2013,N/A,N/A
MYBDM0524287,0.00,DM052428,SDEB 0% 09.06.2014 SN,SDEB,IBONDS,09/12/2005,09/06/2014,N/A,N/A
MYBDM0528841,0.00,DM052884,SPRINT 0% 27.06.2014 SN,SPRINT,IBONDS,29/12/2005,27/06/2014,N/A,N/A
MYBDM0528858,0.00,DM052885,SPRINT 0% 29.12.2014 SN,SPRINT,IBONDS,29/12/2005,29/12/2014,N/A,N/A
MYBDM0605920,0.00,DM060592,ZECON TOLL 0% 14.01.2015 SN,ZECON TOLL,IBONDS,14/07/2006,14/01/2015,N/A,N/A
MYBDM0605938,0.00,DM060593,ZECON TOLL 0% 14.07.2015 SN,ZECON TOLL,IBONDS,14/07/2006,14/07/2015,N/A,N/A
MYBDM0800174,0.00,DM080017,MANFAAT 0% 25.07.2016 SN,MANFAAT,IBONDS,25/01/2008,25/07/2016,N/A,N/A
MYBDM0800182,0.00,DM080018,MANFAAT 0% 25.01.2017 SN,MANFAAT,IBONDS,25/01/2008,25/01/2017,N/A,N/A
MYBDM0800703,0.00,DM080070,PIYS 0% 29.07.2016 SN,PIYS,IBONDS,31/01/2008,29/07/2016,N/A,N/A
MYBDM0800711,0.00,DM080071,PIYS 0% 31.01.2017 SN,PIYS,IBONDS,31/01/2008,31/01/2017,N/A,N/A
MYBDM0800984,0.00,DM080098,PIYS 0% 29.07.2016 SN,PIYS,IBONDS,31/01/2008,29/07/2016,N/A,N/A
MYBDM0800992,0.00,DM080099,PIYS 0% 31.01.2017 SN,PIYS,IBONDS,31/01/2008,31/01/2017,N/A,N/A
MYBDM0804556,0.00,DM080455,PRASARANA 0% 30.11.2016 SN,PRASARANA,IBONDS,30/05/2008,30/11/2016,N/A,N/A
MYBDM0804564,0.00,DM080456,PRASARANA 0% 30.05.2017 SN,PRASARANA,IBONDS,30/05/2008,30/05/2017,N/A,N/A
MYBDM0811072,0.00,DM081107,PLSA 0% 28.04.2017 SN,PLSA,IBONDS,31/10/2008,28/04/2017,N/A,N/A
MYBDM0811080,0.00,DM081108,PLSA 0% 31.10.2017 SN,PLSA,IBONDS,31/10/2008,31/10/2017,N/A,N/A
MYBDM0811452,0.00,DM081145,PLSA 0% 28.04.2017 SN,PLSA,IBONDS,31/10/2008,28/04/2017,N/A,N/A
MYBDM0811460,0.00,DM081146,PLSA 0% 31.10.2017 SN,PLSA,IBONDS,31/10/2008,31/10/2017,N/A,N/A
MYBDM0811825,0.00,DM081182,PLSA 0% 28.04.2017 SN,PLSA,IBONDS,31/10/2008,28/04/2017,N/A,N/A
MYBDM0811833,0.00,DM081183,PLSA 0% 31.10.2017 SN,PLSA,IBONDS,31/10/2008,31/10/2017,N/A,N/A
MYBDM0812187,0.00,DM081218,PLSA 0% 28.04.2017 SN,PLSA,IBONDS,31/10/2008,28/04/2017,N/A,N/A
MYBDM0812195,0.00,DM081219,PLSA 0% 31.10.2017 SN,PLSA,IBONDS,31/10/2008,31/10/2017,N/A,N/A
MYBDM0812534,0.00,DM081253,PLSA 0% 28.04.2017 SN,PLSA,IBONDS,31/10/2008,28/04/2017,N/A,N/A
MYBDM0812542,0.00,DM081254,PLSA 0% 31.10.2017 SN,PLSA,IBONDS,31/10/2008,31/10/2017,N/A,N/A
MYBDM0812872,0.00,DM081287,PLSA 0% 28.04.2017 SN,PLSA,IBONDS,31/10/2008,28/04/2017,N/A,N/A
MYBDM0812880,0.00,DM081288,PLSA 0% 31.10.2017 SN,PLSA,IBONDS,31/10/2008,31/10/2017,N/A,N/A
MYBDM0813201,0.00,DM081320,PLSA 0% 28.04.2017 SN,PLSA,IBONDS,31/10/2008,28/04/2017,N/A,N/A
MYBDM0813219,0.00,DM081321,PLSA 0% 31.10.2017 SN,PLSA,IBONDS,31/10/2008,31/10/2017,N/A,N/A
MYBDM0900750,0.00,DM090075,PLSA 0% 31.10.2017 SN,PLSA,IBONDS,30/04/2009,31/10/2017,N/A,N/A
MYBDM0900768,0.00,DM090076,PLSA 0% 30.04.2018 SN,PLSA,IBONDS,30/04/2009,30/04/2018,N/A,N/A
MYBDM0901055,0.00,DM090105,PLSA 0% 31.10.2017 SN,PLSA,IBONDS,30/04/2009,31/10/2017,N/A,N/A
MYBDM0901063,0.00,DM090106,PLSA 0% 30.04.2018 SN,PLSA,IBONDS,30/04/2009,30/04/2018,N/A,N/A
MYBDM0901345,0.00,DM090134,PLSA 0% 31.10.2017 SN,PLSA,IBONDS,30/04/2009,31/10/2017,N/A,N/A
